"net:Rate","net:density","net:recip","net:transTrip","net:cycle3","net:altX","net:egoX","net:simX","alc:Rate","alc:linear","alc:quad","alc:avAlt"
112,119,70,39,11,28.19,25.19,11.0528571428571,30,10.5,102.205,50.0377666666667
98,135,90,104,33,6.34999999999997,6.34999999999996,11.3183673469388,31,-6.50000000000001,80.865,41.1566
110,123,70,36,11,-7.77000000000003,-7.77000000000003,8.55673469387756,34,8.49999999999999,88.1650000000001,63.1124333333333
120,149,102,91,29,37.49,29.49,15.2069387755102,27,9.49999999999997,93.185,69.0936
120,135,84,51,14,11.35,2.34999999999997,12.0683673469388,32,14.5,84.285,48.2709333333333
112,115,62,40,12,23.15,4.14999999999997,8.79897959183673,27,13.5,107.265,68.6741
102,125,72,61,16,-1.75000000000003,2.24999999999998,12.1836734693878,34,-7.50000000000001,99.8450000000001,45.8981
120,125,80,76,24,28.25,29.25,9.43367346938776,26,0.499999999999989,96.005,58.4162666666667
108,141,88,90,28,-19.59,-10.59,10.9491836734694,40,10.5,82.205,36.9952666666667
101,142,90,74,26,5.41999999999997,-12.58,8.01265306122449,33,25.4999999999999,83.505,48.5572666666667
100,121,72,57,20,-0.79000000000002,-3.79000000000003,10.6797959183674,26,-13.5,95.725,69.0856
95,128,68,54,14,19.28,14.28,9.37408163265306,22,6.49999999999999,90.125,57.3406
110,129,78,45,14,13.29,-3.71000000000003,10.6875510204082,23,1.49999999999999,83.025,37.8166
99,126,82,70,22,19.26,17.26,6.49714285714286,31,15.5,85.305,55.9086
100,135,78,48,12,20.35,9.34999999999997,7.06836734693877,34,12.5,82.245,45.1326
110,115,64,51,16,21.15,11.15,13.0489795918367,23,3.49999999999999,57.065,25.0579333333333
106,111,60,49,13,19.11,20.11,10.0451020408163,25,-6.50000000000001,74.8650000000001,38.8544333333333
109,148,82,95,27,4.47999999999996,22.48,8.8934693877551,25,-4.50000000000001,90.9050000000001,45.0597666666667
109,112,62,9,2,10.12,5.11999999999998,10.8585714285714,19,1.49999999999999,69.025,39.7884333333333
105,132,84,68,23,13.32,15.32,13.8779591836735,27,3.49999999999999,91.0650000000001,57.5141
105,120,72,44,14,3.19999999999997,-0.800000000000026,6.61632653061224,29,3.49999999999999,79.0650000000001,33.3129333333333
107,118,78,73,23,29.18,19.18,8.48938775510204,31,11.5,103.225,58.2992666666667
113,124,74,58,17,10.24,1.23999999999999,10.6202040816327,30,8.49999999999999,102.165,56.6157666666667
106,139,84,86,26,11.39,-10.61,7.07224489795918,28,12.4999999999999,96.245,57.2406
101,122,74,55,20,26.22,27.22,10.9932653061225,21,7.49999999999999,83.145,53.3021
114,119,78,67,20,31.19,25.19,10.3028571428571,25,1.49999999999999,91.025,58.7871
100,115,60,20,7,13.15,-9.85000000000003,7.29897959183674,27,5.49999999999999,79.105,45.7987666666667
114,137,90,72,23,2.36999999999997,-8.63000000000003,13.195306122449,32,14.5,94.285,59.9931
98,129,86,71,23,10.29,9.28999999999998,9.18755102040816,28,-3.50000000000001,69.925,37.0317666666667
109,148,80,77,22,16.48,19.48,14.6434693877551,28,2.49999999999999,74.045,33.3992666666667
104,135,92,61,18,9.34999999999997,19.35,9.81836734693877,21,5.49999999999999,73.105,34.5392666666667
115,122,66,54,15,6.21999999999998,2.21999999999997,9.74326530612245,40,0.499999999999991,102.005,55.3592666666667
102,135,82,73,24,37.35,37.35,14.8183673469388,36,14.5,102.285,71.3521
120,133,80,65,20,6.32999999999997,-2.67000000000003,13.4414285714286,33,1.49999999999999,85.025,43.6854333333333
127,140,80,64,20,34.4,16.4,10.3857142857143,26,6.49999999999999,96.1250000000001,57.0146
103,132,78,58,18,8.31999999999998,-16.68,12.1279591836735,28,2.49999999999999,84.045,43.7189333333333
107,134,82,68,21,23.34,31.34,11.0048979591837,35,-0.500000000000011,102.985,60.6152666666667
107,136,84,89,29,40.36,29.36,9.38183673469388,36,6.49999999999999,98.125,56.0226
107,118,68,51,13,30.18,28.18,8.98938775510204,27,-2.50000000000001,78.945,49.1721
106,115,76,55,17,10.15,9.14999999999997,8.29897959183674,20,-7.50000000000001,75.845,36.7826
109,134,78,48,14,25.34,19.34,14.0048979591837,36,10.5,96.205,45.2154333333333
108,129,78,72,19,42.29,32.29,7.93755102040816,36,14.4999999999999,98.285,64.7766
101,128,82,74,20,6.27999999999997,-1.72000000000003,8.12408163265306,23,-4.50000000000001,76.905,29.6781
106,123,74,66,20,25.23,9.22999999999997,7.55673469387755,31,5.49999999999999,101.105,57.0641
96,119,72,56,17,12.19,5.18999999999997,8.55285714285714,26,8.49999999999999,62.165,39.3967666666667
102,119,60,44,11,20.19,1.18999999999999,10.5528571428571,27,11.5,79.225,45.7476
109,136,72,36,10,-7.64000000000003,-10.64,12.3818367346939,40,22.4999999999999,72.4450000000001,38.4747666666667
97,118,78,34,10,9.17999999999997,7.17999999999997,12.489387755102,31,3.49999999999999,85.065,33.1964333333333
97,120,78,70,20,16.2,12.2,8.61632653061225,29,7.49999999999999,89.145,46.6546
104,137,92,79,24,22.37,29.37,8.69530612244898,34,8.49999999999999,96.165,42.5939333333333
94,119,66,58,18,25.19,22.19,9.55285714285714,39,19.5,105.385,74.2337666666667
109,122,72,70,23,30.22,21.22,10.4932653061224,36,0.499999999999991,104.005,53.9159333333333
118,123,72,86,27,22.23,23.23,8.80673469387755,31,3.49999999999999,79.065,38.8912666666667
108,131,84,55,19,22.31,20.31,5.56448979591837,32,2.49999999999999,86.045,47.9897666666667
109,138,78,62,16,4.37999999999997,-3.62000000000002,10.2587755102041,26,4.49999999999999,86.0850000000001,38.5302666666667
98,121,68,35,8,10.21,-7.79000000000003,10.9297959183674,37,-0.500000000000011,100.985,56.2257666666667
95,126,70,56,13,-0.740000000000027,-14.74,9.49714285714286,28,8.49999999999999,66.165,31.6891
103,120,68,47,13,23.2,19.2,10.1163265306122,32,10.5,94.205,45.4539333333333
131,152,94,90,28,28.52,17.52,9.89734693877551,37,15.5,101.305,53.3197666666667
95,106,66,29,9,0.0599999999999739,3.05999999999997,7.47775510204081,37,-6.50000000000001,92.8650000000001,55.0319333333333
100,123,76,81,27,9.22999999999997,10.23,9.80673469387756,40,14.5,92.285,43.1982666666667
96,119,66,59,16,10.19,5.18999999999998,14.5528571428571,29,13.5,81.265,43.0204333333333
101,108,66,32,10,-2.92000000000002,4.07999999999997,9.10469387755102,28,-3.50000000000001,81.925,31.0011
103,110,70,54,13,14.1,22.1,8.48163265306122,29,3.49999999999999,99.065,60.6921
95,132,82,70,22,15.32,23.32,8.87795918367347,34,8.49999999999999,78.165,44.7884333333333
102,109,64,18,7,10.09,-0.910000000000029,6.91816326530613,33,-2.50000000000001,92.945,48.3984333333333
116,119,68,47,14,23.19,11.19,12.8028571428571,28,4.49999999999999,102.085,46.7029333333333
111,130,68,46,11,10.3,14.3,13.7510204081633,32,14.4999999999999,90.285,54.4764333333333
107,140,92,58,19,18.4,4.39999999999998,13.8857142857143,28,6.49999999999995,106.125,60.8934333333333
116,133,72,57,15,11.33,11.33,8.69142857142857,36,0.499999999999989,92.005,56.1321
111,138,88,111,34,26.38,4.37999999999998,9.25877551020408,39,17.4999999999999,113.345,62.2579333333333
109,112,64,48,14,18.12,29.12,7.35857142857143,36,6.49999999999999,90.1250000000001,45.7451
108,125,70,67,19,19.25,7.24999999999997,8.18367346938776,31,-4.50000000000001,84.905,39.6396
86,121,74,56,20,31.21,17.21,11.4297959183674,23,-2.50000000000001,86.945,53.6816
112,135,78,49,13,9.34999999999997,15.35,9.31836734693878,30,4.49999999999999,86.085,59.0526
113,126,86,81,27,24.26,23.26,13.7471428571429,32,12.5,94.245,41.6566
96,115,72,64,20,18.15,14.15,9.04897959183673,32,12.5,92.245,62.0547666666667
130,137,82,63,18,15.37,15.37,9.44530612244898,38,18.4999999999999,104.365,58.0492666666667
110,137,76,58,16,8.36999999999997,-6.63000000000003,11.195306122449,29,1.49999999999999,105.025,49.9016
111,106,58,48,11,32.06,32.06,7.72775510204082,32,10.5,98.205,54.7914333333333
115,136,78,83,18,34.36,-0.640000000000033,7.88183673469388,28,-5.50000000000001,75.885,24.8737666666667
99,138,82,57,17,10.38,9.37999999999997,12.0087755102041,36,14.5,84.285,47.8226
116,147,94,73,20,-5.53000000000003,8.46999999999997,11.58,33,11.5,87.225,49.0991
104,121,74,66,21,28.21,26.21,11.4297959183674,34,4.49999999999999,100.085,60.0772666666667
102,127,72,75,24,4.26999999999997,-4.73000000000003,10.060612244898,26,2.49999999999999,78.045,43.8601
111,118,78,68,23,17.18,15.18,10.489387755102,26,-1.50000000000001,77.9650000000001,44.4822666666667
115,134,74,57,15,-2.66000000000003,2.33999999999997,13.7548979591837,27,13.5,81.2650000000001,46.7117666666667
108,109,66,30,9,-2.91000000000002,1.08999999999998,13.6681632653061,38,8.49999999999999,98.165,67.0139333333333
96,127,86,50,19,6.26999999999997,8.26999999999996,14.310612244898,31,11.5,91.225,62.9914333333333
98,117,64,43,11,9.16999999999997,-2.83000000000003,8.67591836734694,40,4.49999999999999,96.085,58.2696
107,128,76,52,15,11.28,35.28,8.12408163265306,25,1.49999999999999,81.025,39.7014333333333
107,134,78,81,22,18.34,11.34,14.7548979591837,34,6.49999999999999,96.125,43.2737666666667
102,145,98,84,28,13.45,18.45,11.2030612244898,30,18.5,82.365,47.4804333333333
109,130,80,85,26,10.3,12.3,3.75102040816326,28,4.49999999999999,80.085,41.8982666666667
131,128,66,39,15,25.28,15.28,9.12408163265307,27,3.49999999999999,85.065,51.8722666666667
112,143,88,102,27,41.4299999999999,20.43,10.5761224489796,34,2.49999999999999,90.0450000000001,52.8304333333333
105,126,74,70,18,-3.74000000000003,-3.74000000000003,12.9971428571429,34,4.49999999999999,86.085,43.4946
107,142,80,85,23,35.42,6.41999999999998,9.76265306122449,36,2.49999999999999,78.0450000000001,44.8759333333333
92,127,78,65,17,10.27,7.26999999999997,12.060612244898,32,14.4999999999999,88.285,54.2797666666667
101,100,56,28,11,8.99999999999998,13,7.34693877551021,32,0.499999999999989,94.005,55.4721
96,121,66,47,14,16.21,21.21,11.6797959183673,29,-4.50000000000001,80.905,38.5186
115,124,68,47,14,26.24,20.24,9.87020408163265,39,13.5,129.265,85.3861
108,141,94,102,30,5.40999999999997,2.40999999999997,12.9491836734694,28,6.49999999999999,86.125,42.5704333333333
101,132,90,71,22,3.31999999999997,11.32,12.8779591836735,18,-5.50000000000001,75.885,43.1149333333333
112,125,74,47,13,-3.75000000000003,0.249999999999973,9.18367346938776,30,-3.50000000000001,95.925,56.2547666666667
97,132,80,73,22,9.31999999999997,2.31999999999997,10.6279591836735,33,9.49999999999999,65.185,38.6654333333333
115,138,86,71,22,20.38,7.37999999999997,12.0087755102041,25,9.49999999999998,89.185,49.5411
110,131,84,51,15,5.30999999999997,0.309999999999972,9.31448979591837,33,1.49999999999999,71.025,40.6877666666667
102,139,88,88,27,19.39,4.38999999999996,10.8222448979592,37,27.4999999999999,97.545,70.6501
97,116,76,73,23,19.16,18.16,6.61244897959184,39,21.5,99.425,63.2809333333333
92,121,78,50,15,9.20999999999997,4.20999999999997,10.1797959183673,23,-0.500000000000011,92.985,56.8037666666667
92,131,90,75,20,16.31,15.31,15.3144897959184,34,10.4999999999999,108.205,76.7042666666667
92,103,68,37,12,22.03,20.03,8.28734693877551,34,14.5,98.285,56.1867666666667
102,137,86,59,19,6.36999999999997,2.36999999999997,10.445306122449,28,-5.50000000000001,79.885,45.1936
109,112,64,46,15,11.12,4.11999999999997,6.35857142857143,30,4.49999999999999,78.085,36.0739333333333
105,124,70,50,17,13.24,-2.76000000000002,9.87020408163265,28,0.499999999999989,90.005,57.0004333333333
106,129,74,70,17,26.29,18.29,10.4375510204082,28,-1.50000000000001,93.9650000000001,65.2766
130,129,82,56,20,8.28999999999997,7.28999999999997,14.6875510204082,28,12.5,104.245,57.2699333333333
119,122,64,61,17,24.22,15.22,12.4932653061224,37,3.49999999999999,99.065,50.6017666666667
102,133,88,64,24,35.33,17.33,9.19142857142857,28,4.49999999999999,90.085,38.7641
107,120,72,48,13,11.2,4.19999999999997,8.86632653061224,35,-0.500000000000011,78.9850000000001,47.9816
103,116,66,52,15,13.16,4.15999999999997,12.1124489795918,30,4.49999999999999,74.085,37.9982666666667
94,117,72,60,18,4.16999999999998,-5.83000000000002,13.1759183673469,34,6.49999999999996,102.125,57.5347666666667
103,124,70,44,13,11.24,4.23999999999997,8.62020408163265,38,8.49999999999999,110.165,63.3011
99,130,82,72,21,20.3,8.29999999999997,6.75102040816327,40,6.49999999999999,112.125,71.7021
117,130,74,74,21,21.3,9.29999999999998,8.25102040816327,24,6.49999999999999,74.125,34.5307666666667
100,117,76,66,22,13.17,15.17,8.17591836734694,35,21.5,69.425,37.4537666666667
111,140,78,53,15,10.4,17.4,10.6357142857143,35,7.49999999999999,91.145,45.5954333333333
117,134,78,88,25,32.34,9.33999999999996,11.7548979591837,35,13.5,97.265,46.3872666666667
102,135,80,75,22,18.35,4.34999999999997,12.3183673469388,31,13.5,87.2650000000001,42.8546
102,121,70,49,11,13.21,12.21,9.67979591836734,31,5.49999999999999,87.105,50.1304333333333
102,119,72,43,14,-1.81000000000003,7.18999999999997,11.5528571428571,34,14.4999999999999,92.285,46.8144333333333
120,121,70,47,15,12.21,-4.79000000000002,10.1797959183673,33,13.5,83.265,43.2256
101,116,62,42,12,25.16,22.16,9.61244897959184,27,7.49999999999999,81.145,36.6682666666667
91,122,82,78,24,25.22,26.22,9.99326530612245,30,4.49999999999999,86.085,49.1017666666667
101,140,86,36,10,5.39999999999996,21.4,11.8857142857143,34,0.499999999999989,82.0050000000001,46.1656
106,123,76,41,11,24.23,19.23,10.3067346938776,22,0.499999999999989,74.005,17.9546
122,133,78,68,22,10.33,7.32999999999998,9.44142857142857,28,0.499999999999989,100.005,44.4734333333333
92,133,82,86,28,25.33,10.33,9.94142857142857,31,1.49999999999999,93.025,51.9349333333333
116,123,64,33,10,-0.770000000000028,-12.77,8.55673469387755,26,10.5,80.205,38.4999333333333
99,132,70,54,13,24.32,19.32,10.6279591836735,27,1.49999999999999,85.025,55.0202666666667
111,130,86,58,17,34.3,26.3,13.7510204081633,23,9.49999999999999,83.185,31.5086
89,126,80,58,17,2.25999999999997,11.26,11.2471428571429,25,9.49999999999999,77.185,45.5334333333333
101,124,70,50,11,7.23999999999997,21.24,8.87020408163265,30,6.49999999999999,88.125,48.3039333333333
114,159,106,161,46,42.59,21.59,13.0916326530612,32,6.49999999999999,98.125,50.3302666666667
112,147,90,104,30,0.469999999999967,22.47,11.08,34,0.499999999999989,88.005,50.7854333333333
100,109,60,48,14,16.09,14.09,13.6681632653061,23,1.49999999999999,83.025,27.6672666666667
102,127,76,61,20,27.27,5.26999999999997,10.810612244898,31,-0.500000000000011,82.985,33.8791
117,128,76,59,14,4.27999999999997,-7.72000000000003,10.1240816326531,23,-0.500000000000011,90.985,43.0784333333333
96,147,84,89,27,16.47,0.469999999999967,9.58,37,9.49999999999999,87.185,59.8156
91,114,68,48,14,8.13999999999998,-0.860000000000028,11.4855102040816,27,-12.5,100.745,61.8906
108,129,66,48,16,14.29,9.28999999999997,4.68755102040816,39,11.5,77.225,45.5997666666667
106,111,60,25,8,10.11,21.11,8.04510204081632,26,0.499999999999989,86.005,38.4646
103,122,76,52,16,25.22,17.22,8.74326530612245,26,2.49999999999999,84.045,58.9131
99,110,68,58,18,10.1,1.09999999999998,10.2316326530612,34,-7.50000000000001,117.845,61.2252666666667
87,102,58,29,8,9.01999999999998,18.02,10.2238775510204,35,21.4999999999999,117.425,89.3671
100,131,78,88,29,22.31,9.30999999999997,11.8144897959184,34,6.49999999999999,96.1250000000001,59.2642666666667
123,146,88,140,41,35.46,31.46,13.7665306122449,35,9.49999999999999,99.185,49.1531
108,137,82,72,20,32.37,13.37,11.695306122449,34,6.49999999999999,88.125,46.3842666666667
103,118,66,42,10,5.17999999999997,2.17999999999997,7.73938775510204,28,-5.50000000000001,89.885,57.8376
122,117,58,32,10,29.17,20.17,8.92591836734694,34,-5.50000000000001,99.885,39.8117666666667
110,103,64,48,17,26.03,20.03,9.78734693877551,27,9.49999999999999,71.1850000000001,46.2556
110,127,76,48,14,7.26999999999997,-0.730000000000025,8.31061224489796,42,20.4999999999999,100.405,50.7426
101,134,82,79,25,20.34,16.34,11.0048979591837,29,-0.500000000000011,98.9850000000001,41.4517666666667
97,148,106,118,37,40.48,15.48,8.6434693877551,33,9.49999999999998,99.185,61.6507666666667
120,139,78,54,18,20.39,10.39,13.5722448979592,31,21.4999999999999,83.425,56.5447666666667
112,125,68,60,18,24.25,29.25,9.43367346938776,27,13.5,87.265,42.7816
108,139,90,72,23,26.39,21.39,10.3222448979592,31,9.49999999999999,93.185,51.6937666666667
104,141,84,76,21,17.41,1.40999999999996,12.1991836734694,30,0.499999999999989,66.005,34.9171
86,111,64,43,15,-14.89,-4.89000000000003,8.29510204081633,32,10.5,98.205,42.4397666666667
99,134,80,56,14,-5.66000000000003,-2.66000000000003,11.2548979591837,29,7.49999999999998,81.145,48.1101
94,113,64,33,7,13.13,13.13,8.42204081632653,28,4.49999999999999,94.085,46.0146
108,129,76,43,15,6.28999999999997,5.28999999999997,10.6875510204082,34,20.4999999999999,88.405,62.8292666666666
100,129,90,62,18,9.28999999999998,6.28999999999998,8.68755102040816,40,2.49999999999999,78.0450000000001,55.5841
92,117,82,55,17,16.17,0.169999999999975,10.6759183673469,37,9.49999999999998,119.185,60.5284333333334
112,143,88,94,29,37.43,21.43,14.8261224489796,29,-18.5,92.625,44.1719333333333
101,138,88,99,31,29.3799999999999,29.3799999999999,16.2587755102041,29,9.49999999999998,97.185,46.8737666666667
104,115,70,37,13,20.15,13.15,5.29897959183673,27,-4.50000000000001,74.9050000000001,38.0629333333333
107,126,62,44,10,8.25999999999998,4.25999999999998,11.4971428571429,29,3.49999999999999,83.065,47.2421
106,113,68,44,13,-11.87,-18.87,7.67204081632653,28,-5.50000000000001,97.885,55.3796
118,129,78,77,27,6.28999999999997,8.28999999999997,8.93755102040816,35,15.5,81.305,33.4847666666667
107,112,56,41,8,24.12,13.12,6.35857142857143,23,1.49999999999999,79.025,36.6004333333333
109,124,78,83,23,10.24,3.23999999999998,10.6202040816327,25,-8.50000000000001,88.825,51.6377666666667
107,142,88,93,27,-0.58000000000003,-6.58000000000003,15.0126530612245,35,19.4999999999999,85.385,50.5249333333333
113,128,76,67,19,18.28,17.28,7.37408163265306,33,3.49999999999999,93.065,63.0786
93,114,64,31,8,16.14,10.14,4.23551020408163,36,18.5,82.365,49.7159333333333
110,129,82,61,21,11.29,22.29,10.1875510204082,35,11.5,97.225,57.8601
107,124,70,68,20,32.24,21.24,9.12020408163265,34,12.5,88.245,38.3609333333333
110,127,76,57,19,17.27,14.27,10.560612244898,39,1.49999999999999,91.025,47.5806
101,124,72,52,17,12.24,-3.76000000000003,4.87020408163265,32,2.49999999999999,96.045,59.5731
110,127,82,59,19,-13.73,-9.73000000000003,13.310612244898,22,0.499999999999989,86.005,52.6681
113,112,66,31,12,10.12,12.12,8.10857142857143,21,5.49999999999999,67.105,35.0519333333333
108,137,82,89,25,27.37,10.37,6.69530612244898,27,7.49999999999999,77.145,37.4801
112,129,80,66,22,27.29,23.29,9.93755102040816,28,2.49999999999999,98.045,59.3332666666667
119,150,88,84,24,6.49999999999996,15.5,6.2704081632653,34,12.5,82.245,49.5182666666667
105,142,76,89,27,7.41999999999997,-2.58000000000004,10.5126530612245,36,6.49999999999999,88.125,54.3576
103,114,70,19,7,12.14,-5.86000000000002,7.73551020408163,31,-2.50000000000001,84.945,47.6126
91,130,86,67,20,18.3,7.29999999999998,16.5010204081633,22,6.49999999999999,84.1250000000001,48.1114333333333
119,118,72,66,24,28.18,18.18,8.98938775510204,37,9.49999999999999,99.185,53.0377666666667
109,142,90,114,34,33.4199999999999,16.42,13.7626530612245,33,9.49999999999999,105.185,64.0407666666667
127,122,80,72,22,26.22,30.22,12.2432653061225,35,9.49999999999999,89.1850000000001,43.7146
100,149,104,106,31,5.48999999999997,9.48999999999998,12.2069387755102,36,8.49999999999999,120.165,83.4801
133,152,92,67,20,21.52,23.52,12.6473469387755,31,13.5,81.2650000000001,45.3587666666667
111,120,66,49,14,2.19999999999998,4.19999999999997,9.61632653061225,37,-2.50000000000001,82.945,39.8701
124,135,70,48,13,12.35,-5.65000000000003,6.81836734693877,28,16.4999999999999,76.325,36.7216
94,123,68,55,15,14.23,7.22999999999996,10.8067346938776,28,6.49999999999999,90.125,58.6409333333334
114,101,60,43,14,6.00999999999998,15.01,9.41040816326531,29,-4.50000000000001,102.905,52.1622666666667
102,137,92,76,22,-5.63000000000003,-7.63000000000003,10.445306122449,29,13.5,81.265,51.8757666666667
98,117,60,47,12,25.17,4.16999999999997,6.92591836734694,20,-7.50000000000001,77.8450000000001,54.1742666666667
107,116,76,52,15,18.16,20.16,8.36244897959184,30,10.5,100.205,62.7556
111,112,54,19,6,18.12,8.11999999999997,6.60857142857143,35,5.49999999999999,91.105,55.1526
96,113,72,40,13,3.12999999999998,-2.87000000000002,10.4220408163265,20,6.49999999999999,90.125,45.6841
123,144,78,101,27,35.44,5.43999999999997,9.63959183673469,31,9.49999999999998,99.185,60.7762666666667
102,137,86,75,26,4.36999999999997,-5.63000000000003,9.94530612244898,35,15.5,103.305,58.6887666666667
92,111,66,50,17,13.11,24.11,10.5451020408163,32,12.5,98.245,68.8814333333333
99,128,84,79,24,14.28,7.27999999999997,11.3740816326531,37,11.5,97.225,62.8029333333333
99,136,84,60,20,30.36,15.36,12.3818367346939,29,3.49999999999999,103.065,66.0231
91,114,72,61,18,13.14,7.13999999999998,9.23551020408163,21,-6.50000000000001,78.865,45.6977666666667
112,119,62,50,17,5.18999999999997,-4.81000000000002,11.3028571428571,31,-2.50000000000001,62.945,26.2541
96,121,74,41,11,-13.79,-1.79000000000003,9.42979591836735,23,5.49999999999999,77.105,53.4939333333333
99,122,70,47,16,21.22,15.22,11.2432653061225,28,6.49999999999999,84.125,59.3341
102,129,78,77,22,33.29,18.29,9.68755102040816,30,10.5,94.2050000000001,47.4391
118,125,72,57,15,7.24999999999998,11.25,9.18367346938776,33,1.49999999999999,95.025,42.6887666666667
100,123,74,53,14,14.23,-0.77000000000003,9.80673469387755,31,9.49999999999998,91.185,70.5406
94,127,74,49,12,14.27,-0.730000000000027,10.060612244898,34,16.5,104.325,51.7729333333333
105,126,80,69,22,16.26,1.25999999999997,9.74714285714286,35,5.49999999999999,101.105,54.6572666666667
112,131,78,53,16,24.31,6.30999999999997,11.0644897959184,34,18.4999999999999,70.365,36.2681
103,128,76,51,17,5.27999999999997,11.28,11.6240816326531,42,14.5,114.285,83.4016
104,143,96,68,22,7.42999999999996,3.42999999999997,13.8261224489796,29,1.49999999999999,101.025,63.8246
119,128,92,53,15,11.28,8.27999999999997,7.87408163265306,31,3.49999999999999,99.0650000000001,56.8079333333333
99,122,72,55,17,5.21999999999997,-5.78000000000002,11.4932653061225,28,-13.5,89.725,58.9781
119,138,88,69,23,19.38,18.38,12.0087755102041,31,17.5,91.345,51.2999333333333
116,119,70,44,12,5.18999999999997,-1.81000000000003,10.0528571428571,27,-4.50000000000001,82.905,45.3514333333333
102,133,70,74,19,14.33,6.32999999999997,11.6914285714286,36,16.5,76.325,56.3372666666667
88,127,72,61,19,14.27,14.27,10.810612244898,31,3.49999999999999,91.065,56.2564333333334
101,130,76,68,18,26.3,22.3,10.7510204081633,30,2.49999999999999,92.045,62.8586
126,119,64,55,16,23.19,14.19,7.55285714285714,35,-2.50000000000001,94.9450000000001,31.8007666666667
98,141,100,72,21,12.41,4.40999999999998,9.69918367346939,28,-1.50000000000001,89.965,54.8231
97,122,66,72,20,31.22,23.22,10.7432653061224,38,16.5,96.325,50.8627666666667
100,121,72,39,13,4.20999999999998,-3.79000000000003,10.9297959183674,27,9.49999999999999,85.185,39.9527666666667
106,125,70,54,17,18.25,14.25,10.6836734693878,30,-7.50000000000001,93.845,62.0592666666667
93,134,66,72,21,-3.66000000000003,0.33999999999997,10.0048979591837,35,7.49999999999999,81.145,43.7281
109,128,84,45,13,29.28,16.28,10.8740816326531,37,21.4999999999999,97.425,56.9606
114,141,102,101,28,18.41,9.40999999999998,9.44918367346939,27,-6.50000000000001,74.8650000000001,39.8444333333333
110,115,78,29,11,-4.85000000000003,7.14999999999997,13.0489795918367,31,5.49999999999999,101.105,55.6507666666667
107,120,66,46,13,4.19999999999997,9.19999999999997,7.86632653061225,29,-0.500000000000011,86.985,62.2947666666667
117,146,92,83,23,5.45999999999997,-2.54000000000004,7.7665306122449,31,-6.50000000000001,88.865,39.0539333333333
101,136,92,71,21,12.36,17.36,9.88183673469388,35,7.49999999999999,83.145,41.4352666666667
100,115,58,36,7,13.15,10.15,12.7989795918367,28,0.499999999999989,92.005,57.8631
100,125,80,49,15,-11.75,-15.75,14.1836734693878,31,15.4999999999999,81.305,50.7522666666667
129,132,78,33,8,22.32,6.31999999999997,13.8779591836735,19,-8.50000000000001,86.825,51.3021
111,124,74,54,18,21.24,24.24,12.1202040816327,22,-5.50000000000001,83.8850000000001,41.4972666666667
98,129,84,67,20,12.29,-4.71000000000003,10.6875510204082,35,13.5,113.265,74.9072666666667
95,120,82,73,23,31.2,20.2,13.8663265306122,36,16.4999999999999,100.325,55.1576
102,141,82,77,23,12.41,5.40999999999995,13.9491836734694,28,12.5,98.245,60.6171
124,133,80,88,24,36.33,18.33,13.1914285714286,33,11.5,91.225,55.4621
103,130,92,48,13,8.29999999999997,6.29999999999997,9.75102040816327,30,0.499999999999989,100.005,49.3422666666667
102,135,86,66,20,1.34999999999997,18.3499999999999,8.06836734693877,35,-4.50000000000001,90.905,40.7132666666667
123,122,76,64,17,25.22,14.22,9.49326530612245,32,18.4999999999999,82.365,46.3711
105,114,70,48,16,22.14,29.14,11.9855102040816,33,-4.50000000000001,100.905,45.6224333333333
107,152,94,131,38,14.52,4.51999999999996,11.6473469387755,28,14.4999999999999,90.285,52.7567666666667
105,128,86,86,27,39.28,24.28,12.3740816326531,27,-4.50000000000001,90.905,40.2487666666667
104,149,88,96,29,23.49,20.49,8.9569387755102,36,8.49999999999999,98.165,62.6181
98,129,88,57,17,16.29,10.29,4.93755102040816,33,7.49999999999999,91.145,48.6309333333333
127,140,80,70,21,34.4,0.39999999999997,14.3857142857143,29,3.49999999999999,87.065,41.2252666666667
94,119,70,51,12,20.19,-2.81000000000003,7.55285714285714,25,-2.50000000000001,86.945,42.3916
122,151,84,80,21,25.51,18.51,13.5838775510204,26,-3.50000000000001,83.925,35.4866
114,111,64,45,13,-0.890000000000025,3.10999999999997,7.29510204081633,33,-0.500000000000011,96.985,56.7809333333333
110,127,82,72,24,-2.73000000000003,10.27,11.060612244898,43,15.5,107.305,65.4866
103,124,76,45,14,23.24,5.23999999999997,8.87020408163266,37,11.5,103.225,58.4397666666667
120,145,100,65,20,22.45,20.45,12.4530612244898,30,18.4999999999999,88.365,55.0592666666667
106,123,68,51,15,18.23,-2.77000000000003,9.30673469387755,26,8.49999999999999,70.165,35.1921
109,110,68,37,10,10.1,1.09999999999997,6.73163265306122,34,10.5,96.205,59.9201
109,120,64,33,8,4.19999999999997,-6.80000000000003,7.36632653061225,38,-5.50000000000001,93.885,35.6077666666667
112,115,64,45,14,2.14999999999998,0.149999999999981,10.0489795918367,36,14.5,94.2850000000001,55.3556
111,144,82,62,19,16.44,13.44,13.8895918367347,28,0.499999999999989,88.005,55.0824333333334
107,128,76,63,18,24.28,18.28,11.6240816326531,36,-11.5,103.765,51.5314333333333
109,122,78,115,37,-13.78,-17.78,7.24326530612245,32,14.5,76.2850000000001,46.9201
109,150,88,77,21,7.49999999999996,-1.50000000000004,15.2704081632653,37,15.5,109.305,75.3631
114,117,68,35,11,0.169999999999977,-13.83,8.67591836734694,26,-3.50000000000001,83.925,48.6464333333333
118,135,68,57,16,-4.65000000000003,-9.65000000000003,10.0683673469388,42,18.4999999999999,80.365,55.3694333333333
107,142,94,112,33,32.42,20.42,13.0126530612245,36,24.4999999999999,86.485,54.1651
106,145,86,112,33,47.45,12.45,10.2030612244898,27,7.49999999999999,85.145,57.1094333333333
99,110,62,41,12,12.1,-5.90000000000002,9.48163265306123,29,5.49999999999999,95.105,54.6769333333333
98,129,74,62,19,14.29,6.28999999999997,8.93755102040817,33,1.49999999999999,91.025,33.7679333333333
103,122,76,39,12,16.22,1.21999999999997,9.49326530612245,30,8.49999999999999,82.165,40.6934333333333
93,148,98,93,25,16.48,13.48,10.1434693877551,28,10.5,88.205,52.5194333333333
116,131,76,61,19,25.31,29.31,11.5644897959184,33,9.49999999999999,85.185,45.6184333333333
104,137,80,63,18,14.37,4.36999999999997,6.94530612244898,42,12.5,88.245,43.0536
119,146,80,96,29,25.46,30.46,10.0165306122449,19,-4.50000000000001,78.905,31.0912666666667
113,132,72,61,15,-12.68,-5.68000000000003,9.62795918367347,29,-4.50000000000001,92.905,53.6389333333333
99,130,84,68,22,-8.70000000000002,-3.70000000000002,9.00102040816326,33,-10.5,96.7850000000001,46.7939333333333
110,133,64,53,12,25.33,6.32999999999997,8.94142857142857,31,5.49999999999999,63.1050000000001,42.1961
113,132,68,87,23,23.32,14.32,8.62795918367347,28,2.49999999999999,76.045,39.5396
112,145,88,89,27,30.45,24.45,13.4530612244898,31,7.49999999999999,89.145,45.7511
109,148,90,79,21,5.47999999999997,8.47999999999998,13.6434693877551,32,12.5,94.245,55.4912666666667
131,148,90,117,37,35.48,31.48,11.3934693877551,33,9.49999999999999,91.185,64.0551
104,119,76,104,33,45.19,49.19,8.80285714285714,41,19.4999999999999,87.385,48.0497666666667
103,110,62,44,10,4.09999999999998,5.09999999999997,8.73163265306123,32,-5.50000000000001,89.8850000000001,50.5686
121,126,76,52,18,20.26,13.26,8.24714285714286,29,-4.50000000000001,94.905,60.4441
109,138,94,106,32,39.38,35.38,11.2587755102041,27,17.4999999999999,83.345,51.4912666666667
106,137,86,65,20,19.37,10.37,10.695306122449,31,3.49999999999999,79.0650000000001,41.1612666666667
90,127,76,49,14,16.27,19.27,13.060612244898,31,-6.50000000000001,96.865,51.8272666666667
115,112,62,24,8,10.12,2.11999999999998,9.10857142857143,35,3.49999999999999,75.065,40.6647666666667
117,122,66,60,18,4.21999999999997,-2.78000000000003,11.9932653061225,34,4.49999999999999,88.085,40.2402666666667
119,146,90,93,27,15.46,-13.54,11.0165306122449,34,-3.50000000000001,115.925,62.8301
90,129,82,68,24,9.28999999999997,2.28999999999997,13.6875510204082,24,14.5,90.285,64.2344333333333
120,127,76,49,15,11.27,14.27,10.060612244898,25,-0.500000000000011,100.985,57.1477666666667
120,131,74,63,19,8.30999999999997,9.30999999999997,16.8144897959184,29,-0.500000000000011,90.985,34.8036
103,144,90,77,23,10.44,-4.56000000000003,11.3895918367347,36,8.49999999999995,106.165,62.6359333333334
112,141,86,83,24,5.40999999999997,12.41,10.4491836734694,32,-9.50000000000001,87.805,50.7417666666667
102,121,68,74,26,16.21,3.20999999999997,4.17979591836735,37,3.49999999999999,81.065,50.2861
100,125,68,90,29,17.25,17.25,11.6836734693878,33,7.49999999999999,79.1450000000001,48.3156
96,137,84,85,27,28.37,15.37,13.195306122449,24,4.49999999999999,78.085,37.1034333333333
111,114,64,50,15,12.14,-3.86000000000003,11.2355102040816,30,4.49999999999999,88.0850000000001,48.5802666666667
107,130,84,88,27,34.3,17.3,9.50102040816327,29,5.49999999999999,79.105,46.9186
106,117,62,48,12,-0.830000000000025,0.169999999999977,5.92591836734694,28,-9.50000000000001,77.8050000000001,33.3146
105,130,78,73,23,16.3,22.3,10.7510204081633,35,15.5,103.305,61.9211
117,140,80,47,14,17.4,2.39999999999997,13.6357142857143,29,11.5,79.225,42.3456
130,129,76,58,18,11.29,15.29,10.4375510204082,34,18.5,82.3650000000001,37.5912666666667
125,138,76,82,22,20.38,7.37999999999996,11.5087755102041,34,8.49999999999996,92.1650000000001,55.6009333333333
77,108,68,35,11,2.07999999999998,7.07999999999997,8.60469387755102,33,7.49999999999999,97.145,69.2121
104,123,70,43,10,24.23,9.22999999999997,6.80673469387755,33,1.49999999999999,87.025,51.5029333333333
105,136,86,63,19,21.36,13.36,12.1318367346939,40,14.5,102.285,71.0742666666667
115,136,94,59,20,12.36,17.36,12.8818367346939,25,9.49999999999996,85.185,55.1584333333333
111,142,86,74,24,-11.58,-1.58000000000003,13.0126530612245,27,5.49999999999999,63.105,37.2829333333333
116,115,70,32,9,-11.85,-14.85,9.29897959183673,27,3.49999999999999,91.065,58.3564333333334
111,116,64,61,17,18.16,-2.84000000000003,8.61244897959184,32,8.49999999999998,102.165,65.1321
91,130,86,68,22,9.29999999999998,28.2999999999999,11.0010204081633,34,12.5,100.245,51.8974333333333
101,136,86,74,24,27.36,28.36,11.3818367346939,40,22.4999999999999,112.445,81.3349333333333
98,129,70,71,15,2.28999999999997,10.29,12.9375510204082,24,2.49999999999999,70.045,38.8107666666667
126,129,68,68,23,14.29,-1.71000000000003,12.4375510204082,29,3.49999999999999,71.065,44.8094333333334
112,119,72,54,16,22.19,22.19,14.3028571428571,31,5.49999999999998,99.105,59.2661
128,143,74,60,16,20.43,18.4299999999999,5.32612244897959,31,19.4999999999999,85.385,45.6061
113,108,66,29,11,5.07999999999998,7.07999999999998,4.85469387755102,32,14.4999999999999,86.285,56.7441
119,140,80,61,18,25.4,23.4,9.88571428571428,37,11.5,99.225,58.8282666666667
106,107,70,80,23,35.07,45.07,8.54122448979592,28,-1.50000000000001,93.965,48.8337666666667
113,128,74,67,20,22.28,10.28,10.6240816326531,31,11.5,89.225,43.0354333333333
107,120,66,49,17,-0.800000000000026,-1.80000000000002,8.36632653061225,25,1.49999999999999,87.0250000000001,47.9631
96,141,92,89,29,29.41,10.41,10.4491836734694,28,8.49999999999999,80.165,46.1094333333333
118,131,74,42,13,31.31,11.31,13.0644897959184,28,6.49999999999999,86.125,53.5317666666667
98,135,86,78,25,3.34999999999997,4.34999999999997,14.0683673469388,31,-0.500000000000011,74.9850000000001,38.0886
108,155,106,104,33,31.55,29.55,12.5877551020408,27,1.49999999999999,79.0250000000001,27.4246
125,132,74,67,24,29.32,12.32,9.12795918367347,33,15.5,87.305,61.5066
110,149,96,78,21,32.49,18.49,14.2069387755102,28,8.49999999999999,78.165,47.7917666666667
104,125,76,53,20,21.25,30.25,8.43367346938776,30,6.49999999999999,94.125,54.7034333333333
98,129,80,70,22,19.29,5.28999999999997,8.43755102040816,27,-0.500000000000011,88.985,55.7217666666667
112,121,80,85,29,30.21,8.20999999999997,7.92979591836735,37,13.5,101.265,65.7837666666667
96,105,56,26,7,14.05,17.05,8.16428571428572,27,7.49999999999999,81.145,35.6932666666667
110,123,72,44,14,0.229999999999976,15.23,11.8067346938776,22,-3.50000000000001,93.925,42.6844333333334
94,117,58,41,9,19.17,18.17,8.92591836734694,25,3.49999999999999,63.065,31.9026
100,117,70,44,14,6.16999999999998,3.16999999999997,10.4259183673469,27,-2.50000000000001,84.945,49.4246
91,128,82,54,18,25.28,28.28,6.37408163265306,37,-2.50000000000001,98.945,54.6376
116,137,80,54,17,16.37,27.3699999999999,13.195306122449,26,2.49999999999999,80.045,42.4106
97,132,88,56,18,10.32,13.32,11.1279591836735,32,0.499999999999989,112.005,68.9002666666667
127,130,70,52,16,21.3,8.29999999999997,11.0010204081633,31,11.5,91.225,58.2821
97,134,76,70,24,15.34,25.34,9.00489795918367,29,5.49999999999999,81.105,47.0171
105,144,78,66,21,19.44,14.4399999999999,5.8895918367347,37,21.4999999999999,97.425,63.3419333333333
111,116,70,49,15,22.16,13.16,9.61244897959184,29,1.49999999999999,95.025,43.2836
94,123,82,74,23,11.23,14.23,11.8067346938776,23,5.49999999999999,83.105,52.8677666666667
103,132,78,57,18,21.32,12.32,13.6279591836735,33,9.49999999999996,97.185,58.2737666666667
108,133,88,62,19,-2.67000000000003,1.32999999999997,5.19142857142857,35,-6.50000000000001,94.865,41.0999333333333
107,124,76,76,23,21.24,23.24,12.3702040816327,35,19.4999999999999,95.385,62.2459333333333
108,133,84,76,22,16.33,18.33,7.69142857142857,32,10.5,86.205,50.7752666666667
113,120,72,51,17,3.19999999999997,6.19999999999998,12.3663265306123,29,3.49999999999999,77.065,34.9814333333333
100,111,70,36,12,16.11,14.11,12.2951020408163,33,5.49999999999999,85.105,48.8992666666667
111,132,72,57,17,-21.68,-14.68,6.12795918367347,30,20.4999999999999,62.405,35.0617666666667
96,131,76,33,10,20.31,7.30999999999999,11.3144897959184,24,-1.50000000000001,79.9650000000001,41.8586
91,132,78,68,19,5.31999999999997,12.32,10.6279591836735,23,-8.50000000000001,84.825,47.7739333333333
100,121,52,51,10,23.21,9.20999999999997,10.9297959183674,33,9.49999999999999,107.185,55.4004333333333
117,128,72,45,15,11.28,21.28,9.12408163265306,30,4.49999999999999,96.085,54.6972666666667
91,104,66,31,9,12.04,18.04,9.10081632653062,38,4.49999999999998,98.085,61.9402666666667
112,123,70,92,25,-1.77000000000003,0.229999999999974,8.55673469387755,27,5.49999999999999,67.105,43.2992666666667
94,103,64,46,12,11.03,8.02999999999998,7.03734693877551,35,3.49999999999999,99.065,56.0992666666667
101,112,64,37,9,-1.88000000000002,-4.88000000000002,12.3585714285714,26,-5.50000000000001,77.8850000000001,38.2736
114,129,76,84,22,29.29,22.29,10.1875510204082,32,2.49999999999999,88.045,51.1212666666667
109,142,82,130,36,20.42,12.42,9.51265306122449,37,19.4999999999999,99.385,59.6074333333333
109,134,82,64,22,5.33999999999997,13.34,8.50489795918367,26,6.49999999999999,90.125,48.8372666666667
98,133,76,61,20,19.33,18.33,7.94142857142857,29,11.5,87.225,50.7524333333333
123,124,66,37,10,24.24,19.24,6.12020408163265,32,14.5,80.285,42.8664333333333
102,141,84,79,22,37.4099999999999,37.4099999999999,12.1991836734694,25,7.49999999999999,91.145,47.6804333333333
97,122,70,35,10,6.21999999999997,3.21999999999997,10.9932653061225,31,13.5,93.265,68.2956
108,113,68,37,10,20.13,26.13,8.42204081632653,32,8.49999999999999,90.165,56.8104333333333
109,96,54,29,8,18.96,2.95999999999998,8.5930612244898,33,3.49999999999999,97.065,50.0736
98,123,68,51,9,-3.77000000000003,-6.77000000000002,11.3067346938776,28,2.49999999999999,78.0450000000001,56.7532666666667
95,114,56,34,10,25.14,-0.860000000000023,6.23551020408163,38,10.5,96.205,57.6087666666667
94,139,84,40,12,3.38999999999997,-7.61000000000003,7.32224489795918,23,9.49999999999999,81.185,44.7921
110,133,88,110,34,50.33,26.33,9.19142857142857,36,8.49999999999999,100.165,50.5977666666667
109,146,88,81,26,20.46,18.46,13.2665306122449,32,24.4999999999999,88.485,51.5952666666667
96,119,76,53,16,27.19,7.18999999999997,11.8028571428571,35,7.49999999999999,97.145,52.7189333333333
103,130,76,68,19,20.3,9.29999999999998,14.0010204081633,33,-6.50000000000001,86.865,40.2567666666667
110,131,72,70,22,23.31,6.30999999999996,11.8144897959184,28,10.5,96.205,49.1016
94,111,68,62,18,25.11,26.11,9.04510204081633,41,3.49999999999999,107.065,70.9314333333333
106,129,74,54,14,-0.710000000000027,-11.71,4.18755102040816,33,3.49999999999999,83.0650000000001,41.5836
113,112,66,26,8,24.12,23.12,3.85857142857143,44,10.5,92.205,52.8084333333333
102,131,68,69,20,3.30999999999997,-13.69,9.31448979591837,31,3.49999999999999,89.065,57.5461
88,113,68,40,12,15.13,-6.87000000000002,9.92204081632653,26,6.49999999999999,94.125,53.3324333333333
114,143,80,84,23,40.43,29.43,12.5761224489796,38,18.5,98.365,61.4431
94,133,92,82,26,3.32999999999997,-5.67000000000003,10.9414285714286,33,-0.500000000000011,98.985,54.5277666666667
117,124,68,63,13,25.24,22.24,10.6202040816327,26,2.49999999999999,94.045,58.8667666666667
111,122,74,39,11,-11.78,-5.78000000000005,9.24326530612245,31,1.49999999999999,99.025,66.9834333333334
99,132,80,64,22,6.31999999999997,-4.68000000000003,9.62795918367347,31,7.49999999999999,77.145,43.9734333333333
102,123,86,75,24,-3.77000000000003,-14.77,11.8067346938776,26,6.49999999999999,86.125,49.4522666666667
118,121,66,51,17,35.21,16.21,6.67979591836735,34,2.49999999999999,90.0450000000001,50.3224333333333
100,127,74,35,8,17.27,3.26999999999997,12.810612244898,38,26.4999999999999,102.525,53.2564333333333
122,117,68,49,15,35.17,31.17,6.67591836734694,36,8.49999999999999,106.165,52.0659333333333
98,131,84,70,22,34.31,18.31,13.5644897959184,24,-9.50000000000001,99.805,62.8886
110,141,88,81,25,20.41,15.41,9.94918367346939,32,10.5,82.2050000000001,34.8374333333333
94,123,72,61,16,6.22999999999997,16.23,8.55673469387755,29,7.49999999999999,97.145,50.7144333333333
121,130,64,45,11,19.3,23.3,11.2510204081633,30,2.49999999999999,94.045,62.9379333333333
102,113,70,36,12,22.13,11.13,7.67204081632653,32,0.499999999999989,114.005,62.8436
103,140,84,82,26,14.4,19.4,13.1357142857143,28,6.49999999999999,100.125,63.7196
98,117,60,45,12,27.17,38.17,10.4259183673469,22,-1.50000000000001,81.965,44.7217666666667
107,116,72,49,15,0.159999999999973,2.15999999999998,10.3624489795918,27,13.4999999999999,77.265,46.3779333333333
94,119,64,39,10,6.18999999999998,-1.81000000000003,8.80285714285714,31,11.4999999999999,109.225,65.1882666666667
98,129,72,101,28,14.29,14.29,8.93755102040816,34,-1.50000000000001,89.9650000000001,27.5406
97,126,74,50,17,3.25999999999998,10.26,11.2471428571429,29,5.49999999999999,83.105,54.0304333333333
109,110,66,48,16,38.1,23.1,6.73163265306122,23,-2.50000000000001,82.9450000000001,45.1046
96,117,62,46,16,8.16999999999997,6.16999999999997,13.1759183673469,27,-6.50000000000001,94.8650000000001,50.2319333333333
98,107,68,44,15,23.07,27.07,11.0412244897959,35,11.5,89.225,50.3441
109,150,96,79,25,39.5,16.5,15.7704081632653,32,12.5,74.245,38.6916
96,105,60,58,16,25.05,21.05,8.41428571428571,41,-0.500000000000011,108.985,55.4926
108,133,76,81,22,-12.67,0.329999999999973,11.9414285714286,28,-1.50000000000001,77.965,37.6491
107,120,70,42,11,17.2,14.2,7.36632653061224,26,2.49999999999999,88.045,55.2122666666667
98,119,72,79,24,31.19,28.19,8.05285714285714,27,-0.500000000000011,86.985,40.9901
110,141,94,62,19,6.40999999999997,-0.590000000000035,11.4491836734694,37,11.5,91.2250000000001,48.2692666666667
96,139,78,85,22,-12.61,-16.61,9.57224489795919,24,4.49999999999999,76.085,48.1659333333333
110,119,68,36,12,22.19,0.189999999999971,7.80285714285714,30,10.5,70.205,23.5732666666667
96,131,78,64,19,38.31,16.31,12.5644897959184,26,14.5,80.285,53.8317666666667
100,133,90,66,20,11.33,7.32999999999997,12.1914285714286,23,-0.500000000000011,84.985,45.6912666666667
91,140,100,87,29,7.39999999999996,6.39999999999996,13.6357142857143,32,14.4999999999999,90.285,67.5946
100,109,60,37,14,15.09,6.08999999999997,11.4181632653061,33,-0.500000000000011,98.985,58.4657666666667
108,139,94,90,26,20.39,24.39,10.5722448979592,35,-4.50000000000001,98.905,55.4089333333334
119,146,94,97,31,13.46,20.46,14.0165306122449,40,0.499999999999989,108.005,54.7744333333333
116,137,86,58,19,3.36999999999997,17.37,12.945306122449,32,14.5,94.285,41.9144333333333
108,133,78,77,21,42.33,35.33,9.94142857142857,37,13.5,111.265,51.9286
94,139,80,55,17,1.38999999999997,-7.61000000000003,7.32224489795918,36,12.5,68.245,32.1724333333333
93,120,74,55,17,5.19999999999997,-6.80000000000002,11.1163265306123,26,-1.50000000000001,95.965,61.4021
104,123,76,53,15,30.23,13.23,9.30673469387755,27,5.49999999999999,55.105,22.8214333333333
100,109,62,57,16,17.09,20.09,11.9181632653061,29,1.49999999999999,103.025,62.2797666666667
110,147,86,55,19,0.46999999999997,-11.53,11.58,34,2.49999999999999,104.045,69.3962666666667
106,119,64,47,11,37.19,19.19,10.3028571428571,27,1.49999999999999,95.025,47.4996
110,95,58,18,6,12.95,7.94999999999998,10.0295918367347,27,-0.500000000000011,76.985,36.9919333333333
116,125,64,46,11,12.25,20.25,12.1836734693878,24,8.49999999999999,86.165,50.9786
100,123,64,55,15,-2.77000000000002,5.22999999999997,12.0567346938776,26,10.5,64.205,31.7261
106,129,78,65,19,22.29,3.28999999999997,10.1875510204082,35,-4.50000000000001,104.905,66.6557666666667
129,152,92,74,23,31.5199999999999,24.52,14.3973469387755,33,5.49999999999999,103.105,53.4487666666667
105,136,88,82,21,20.36,12.36,11.1318367346939,35,7.49999999999994,115.145,78.9617666666666
118,131,70,53,15,14.31,12.31,7.56448979591837,29,1.49999999999999,99.025,61.8924333333333
106,115,52,35,11,10.15,-7.85000000000003,9.54897959183674,28,10.5,74.205,43.5412666666667
106,135,80,87,26,36.35,15.35,8.06836734693878,23,9.49999999999999,61.185,35.4671
109,142,84,79,21,23.42,8.41999999999997,14.2626530612245,30,4.49999999999999,80.0850000000001,42.4001
116,125,84,74,22,14.25,18.25,10.6836734693878,36,22.5,96.445,41.8509333333333
111,130,74,43,12,27.2999999999999,15.3,7.25102040816327,33,5.49999999999999,91.1050000000001,54.4244333333333
104,103,48,15,3,10.03,1.02999999999999,11.5373469387755,38,6.49999999999999,110.125,58.9739333333334
103,134,82,62,16,30.34,-7.66000000000003,10.5048979591837,28,-1.50000000000001,89.965,50.6464333333334
103,134,82,73,23,12.34,6.33999999999997,8.00489795918367,23,-2.50000000000001,78.945,42.1201
105,118,72,36,11,20.18,5.17999999999998,12.239387755102,22,6.49999999999999,92.125,34.9076
112,145,82,98,29,36.45,33.45,16.2030612244898,36,16.5,106.325,61.2249333333333
120,129,68,37,10,39.29,24.29,10.6875510204082,31,15.5,85.305,55.5512666666667
113,144,90,86,27,13.44,-14.56,11.1395918367347,32,-5.50000000000001,89.8850000000001,42.6504333333333
95,102,56,33,8,4.01999999999998,7.01999999999998,13.2238775510204,32,4.49999999999999,82.085,46.8871
113,126,70,42,12,25.26,19.26,7.49714285714286,32,16.5,104.325,53.0391
105,130,68,45,13,22.3,6.29999999999997,14.2510204081633,20,2.49999999999999,70.045,34.1766
96,131,82,96,30,14.31,-9.69000000000002,10.5644897959184,28,-5.50000000000001,75.8850000000001,53.9892666666667
99,126,66,60,16,31.26,8.25999999999996,8.74714285714286,32,14.4999999999999,90.2850000000001,62.8844333333333
122,137,82,67,21,1.36999999999997,-1.63000000000003,8.69530612244898,29,1.49999999999999,99.025,48.6752666666667
103,122,76,80,24,0.219999999999974,5.21999999999997,10.9932653061224,28,2.49999999999999,82.045,45.9062666666667
109,132,74,87,28,9.31999999999997,14.32,12.1279591836735,29,-2.50000000000001,100.945,38.3316
104,125,76,63,16,20.25,9.24999999999997,11.4336734693878,20,8.49999999999999,80.165,45.9529333333333
96,109,64,31,7,25.09,5.08999999999997,9.66816326530613,25,1.49999999999999,85.025,50.1997666666667
110,105,56,32,9,36.05,13.05,6.16428571428571,37,11.5,103.225,66.4466
93,116,68,78,22,16.16,-1.84000000000002,10.8624489795918,33,3.49999999999999,103.065,58.5921
114,145,92,90,26,22.45,0.449999999999962,9.45306122448979,24,4.49999999999999,78.0850000000001,44.6729333333333
102,115,68,47,15,-8.85000000000002,-8.85000000000003,12.5489795918367,22,-13.5,101.725,51.6691
96,121,68,45,14,14.21,14.21,9.92979591836735,32,-9.50000000000001,99.805,43.2481
104,119,62,47,14,21.19,-1.81000000000002,9.55285714285715,32,10.5,86.205,28.7012666666667
120,113,66,53,15,41.13,29.13,7.92204081632653,34,10.5,94.205,62.2982666666667
115,110,60,42,11,5.09999999999998,9.09999999999999,7.98163265306122,34,6.49999999999999,78.125,47.8586
108,135,84,85,24,23.35,18.35,9.56836734693878,29,7.49999999999999,61.145,29.1299333333333
77,122,80,72,20,19.22,19.22,12.7432653061225,31,13.5,91.265,59.3279333333333
118,129,62,44,14,21.29,13.29,12.4375510204082,27,-2.50000000000001,76.9450000000001,35.9159333333333
108,117,62,34,9,33.17,24.17,7.92591836734693,37,27.4999999999999,105.545,64.4717666666667
97,110,60,40,12,13.1,-2.90000000000002,8.48163265306123,30,0.499999999999989,88.0050000000001,44.2679333333333
105,132,78,49,15,11.32,-13.68,6.62795918367347,37,7.49999999999997,95.145,57.1604333333333
111,142,84,103,32,27.42,9.41999999999996,14.5126530612245,36,0.499999999999989,108.005,80.3587666666667
102,143,78,95,30,23.43,2.42999999999997,11.5761224489796,29,19.4999999999999,87.385,55.3382666666667
127,136,86,116,38,23.36,37.3599999999999,8.63183673469387,38,16.4999999999999,100.325,54.3131
118,133,70,59,20,41.33,11.33,10.6914285714286,29,13.5,59.265,25.4832666666667
107,144,92,64,20,0.439999999999968,-13.56,11.6395918367347,31,15.5,79.305,44.9381
97,120,68,40,12,-11.8,-7.80000000000003,6.61632653061224,39,3.49999999999999,81.065,45.6912666666666
121,134,70,59,16,-11.66,-4.66000000000003,10.7548979591837,33,3.49999999999999,95.065,57.4006
121,142,80,81,24,-9.58000000000003,0.41999999999997,10.0126530612245,37,-8.50000000000001,86.825,49.6144333333333
101,126,70,49,13,18.26,21.26,7.24714285714286,31,-0.500000000000011,88.985,43.3861
78,123,86,79,23,11.23,1.22999999999998,13.5567346938776,26,-5.50000000000001,73.8850000000001,37.2117666666667
108,125,82,111,35,32.25,31.25,8.93367346938775,38,12.4999999999999,96.245,65.0372666666667
115,130,86,45,14,29.3,27.3,15.7510204081633,30,18.5,88.3650000000001,51.4647666666667
118,119,76,56,16,34.19,43.19,9.55285714285714,24,0.499999999999989,92.005,35.3222666666667
114,131,68,54,17,17.31,11.31,11.5644897959184,34,8.49999999999999,90.165,44.2331
107,128,82,64,21,30.28,8.27999999999997,9.12408163265306,32,14.4999999999999,84.285,52.2984333333333
103,122,70,71,22,28.22,30.22,13.2432653061225,25,7.49999999999999,95.145,51.2566
114,125,80,84,28,46.25,30.25,10.6836734693878,34,6.49999999999999,80.125,40.0716
96,115,58,50,11,13.15,-6.85000000000002,5.04897959183673,31,-0.500000000000011,72.985,38.2439333333333
103,132,70,58,14,22.32,9.31999999999998,13.1279591836735,38,8.49999999999999,112.165,69.6601
112,129,74,57,18,25.29,20.29,16.6875510204082,32,12.5,116.245,62.1232666666667
96,117,74,47,13,-5.83000000000002,-8.83000000000002,9.42591836734694,25,5.49999999999999,85.105,50.6832666666667
114,107,54,20,5,11.07,8.06999999999998,9.29122448979592,31,9.49999999999997,89.185,59.8104333333333
95,128,76,71,23,12.28,20.28,10.1240816326531,19,-6.50000000000001,84.865,44.3359333333334
104,131,76,74,23,13.31,2.30999999999996,12.8144897959184,29,5.49999999999999,89.105,40.7042666666667
102,133,88,42,14,18.33,6.32999999999997,9.19142857142857,39,11.5,89.225,40.1929333333333
117,132,78,39,11,8.31999999999997,8.31999999999997,7.87795918367347,38,18.4999999999999,78.365,45.7751
97,132,82,73,20,18.32,-5.68000000000003,9.87795918367347,35,1.49999999999999,95.025,49.2056
108,141,76,81,23,20.41,12.41,14.1991836734694,33,-2.50000000000001,96.9450000000001,42.5832666666667
103,118,66,45,12,9.17999999999998,6.17999999999997,8.23938775510204,35,15.5,87.305,42.3994333333333
98,119,60,57,15,9.18999999999997,18.19,9.55285714285714,28,6.49999999999999,96.125,53.2649333333333
100,125,78,39,12,19.25,5.24999999999997,8.18367346938776,34,10.5,96.205,56.2584333333334
101,122,70,45,13,7.21999999999998,4.21999999999998,14.4932653061225,28,2.49999999999999,66.045,32.7361
105,120,74,63,19,31.2,28.2,10.3663265306122,25,-0.500000000000011,78.985,33.1614333333333
105,130,78,53,16,11.3,5.29999999999997,8.75102040816327,26,2.49999999999999,74.0450000000001,43.4639333333333
117,142,82,71,22,12.42,12.42,8.01265306122449,30,10.4999999999999,92.205,58.3546
115,154,86,83,22,7.53999999999997,9.53999999999995,10.2742857142857,29,5.49999999999999,85.105,43.8644333333333
117,122,74,37,11,7.21999999999997,35.22,7.24326530612245,34,8.49999999999999,72.165,29.3671
107,108,58,30,10,-8.92000000000002,9.07999999999997,9.35469387755102,31,-0.500000000000011,108.985,56.7777666666667
101,126,74,76,20,17.26,37.26,9.99714285714286,32,-1.50000000000001,107.965,73.9711
102,125,72,77,21,23.25,16.25,11.9336734693878,25,1.49999999999999,91.025,52.3927666666667
116,143,86,77,20,20.43,13.43,14.0761224489796,30,16.5,84.325,34.8666
106,121,72,50,16,14.21,3.20999999999997,11.6797959183674,31,1.49999999999999,81.025,42.2237666666667
100,113,66,41,9,4.12999999999998,8.12999999999998,10.4220408163265,22,-1.50000000000001,79.965,36.5739333333333
113,126,78,66,20,25.26,17.26,11.4971428571429,35,9.49999999999995,87.185,50.9037666666667
96,123,80,73,22,4.22999999999997,3.22999999999997,13.3067346938776,29,-4.50000000000001,92.905,56.5084333333333
103,150,92,105,36,11.5,16.5,10.2704081632653,36,16.4999999999999,106.325,79.0671
108,121,82,47,15,21.21,19.21,6.92979591836735,30,10.5,88.205,39.0281
97,142,96,92,28,13.42,13.42,13.0126530612245,27,7.49999999999999,85.1450000000001,55.3942666666667
108,127,72,55,14,3.26999999999997,-2.73000000000003,8.31061224489796,28,10.5,78.205,44.5311
103,136,90,62,19,4.35999999999998,13.36,12.8818367346939,33,5.49999999999999,95.105,52.9116
115,126,76,75,18,8.25999999999997,0.259999999999978,12.9971428571429,31,3.49999999999999,81.065,49.1411
111,128,76,66,20,-11.72,-6.72000000000003,6.37408163265306,32,16.5,68.325,39.8239333333333
114,143,84,76,25,27.43,12.43,7.57612244897959,35,15.5,95.305,58.9357666666667
105,136,88,62,20,26.36,21.36,9.88183673469388,32,-5.50000000000001,83.885,38.3864333333333
94,115,68,51,16,4.14999999999996,-0.850000000000032,10.2989795918367,30,-11.5,111.765,59.6482666666667
114,147,92,93,27,21.47,18.47,8.83,25,3.49999999999999,97.0650000000001,47.9306
111,118,64,61,19,20.18,15.18,10.239387755102,33,11.5,93.225,57.2486
108,141,78,78,25,22.41,20.41,10.1991836734694,32,-3.50000000000001,95.925,44.7374333333333
113,114,62,60,16,22.14,16.14,9.23551020408163,35,-8.50000000000001,62.825,38.6961
115,128,82,49,16,16.28,23.28,17.8740816326531,34,22.4999999999999,90.4450000000001,50.3277666666667
114,111,60,35,8,17.11,-3.89000000000002,10.0451020408163,30,6.49999999999999,90.125,56.6297666666667
115,132,88,71,21,15.32,12.32,12.1279591836735,35,9.49999999999999,89.185,36.5466
112,153,106,118,36,14.53,18.53,15.9608163265306,31,5.49999999999999,87.105,45.4604333333333
113,138,78,58,15,23.38,5.37999999999997,9.25877551020408,37,15.5,93.305,66.0371
99,122,78,65,20,16.22,17.22,9.99326530612245,31,-0.500000000000011,104.985,73.2389333333333
102,127,80,58,20,-3.73000000000003,-4.73000000000003,13.560612244898,31,5.49999999999999,115.105,59.5531
116,119,66,51,14,13.19,2.18999999999998,10.0528571428571,38,6.49999999999999,78.1250000000001,23.0699333333333
101,108,64,42,14,19.08,7.07999999999998,8.85469387755102,28,10.5,92.205,51.0206
113,126,68,32,7,11.26,14.26,8.24714285714286,27,1.49999999999999,71.025,35.1472666666667
110,125,74,45,13,-11.75,-13.75,7.18367346938775,25,3.49999999999999,99.065,50.8839333333333
120,135,82,63,18,25.35,20.35,11.5683673469388,31,7.49999999999999,97.145,57.5641
95,136,78,66,20,9.35999999999997,-9.64000000000003,9.88183673469388,31,7.49999999999999,89.145,28.6936
97,118,80,52,18,13.18,18.18,13.239387755102,35,-0.500000000000011,112.985,77.1211
102,135,84,83,26,24.35,24.35,10.8183673469388,36,18.5,86.365,51.6317666666667
105,122,72,59,19,41.2199999999999,28.22,9.49326530612245,19,-4.50000000000001,94.905,52.5551
117,134,74,74,17,22.34,13.34,10.2548979591837,29,7.49999999999999,91.145,47.8856
93,96,58,16,5,4.95999999999998,-8.04000000000003,5.3430612244898,34,6.49999999999999,82.125,44.1756
110,151,94,87,24,31.51,31.51,15.8338775510204,33,-4.50000000000001,96.905,54.9861
110,135,80,64,19,13.35,12.35,13.0683673469388,29,9.49999999999997,87.185,42.4137666666667
99,134,84,82,22,25.34,6.33999999999997,9.75489795918367,36,22.4999999999999,110.445,76.2736
101,132,74,66,16,23.32,8.31999999999997,9.62795918367348,31,9.49999999999998,85.185,50.1446
84,121,72,82,23,20.21,-14.79,6.67979591836735,24,0.499999999999989,78.005,40.1692666666667
118,125,66,65,20,3.24999999999998,-3.75000000000004,12.9336734693878,32,-7.50000000000001,81.845,55.2779333333334
112,117,56,38,11,20.17,33.17,9.92591836734694,32,6.49999999999999,100.125,58.2086
105,118,64,46,12,11.18,4.17999999999997,10.739387755102,24,-9.50000000000001,75.805,43.3251
104,137,84,78,21,4.36999999999997,6.36999999999998,14.445306122449,34,4.49999999999999,104.085,56.7021
96,125,74,74,18,21.25,-4.75000000000003,13.6836734693878,29,7.49999999999999,103.145,61.0582666666667
99,126,68,50,14,23.26,8.25999999999997,10.7471428571429,23,-0.500000000000011,78.985,39.1341
104,133,80,51,15,25.33,5.32999999999997,8.69142857142857,36,18.4999999999999,100.365,52.1241
102,157,88,102,28,9.56999999999997,8.56999999999996,11.964693877551,41,27.4999999999999,85.545,48.2987666666667
108,147,94,91,29,25.47,8.46999999999997,11.33,32,6.49999999999999,78.125,40.5922666666667
96,137,88,69,21,29.37,18.37,12.695306122449,38,-1.50000000000001,93.965,48.9676
126,117,54,46,10,24.17,10.17,9.67591836734694,29,11.5,65.225,29.4712666666667
104,135,82,80,21,31.35,14.35,11.5683673469388,31,19.4999999999999,91.385,48.0246
102,115,62,18,6,4.14999999999998,10.15,7.54897959183673,36,10.5,78.205,50.1777666666667
119,126,74,44,12,-1.74000000000003,-7.74000000000002,11.9971428571429,24,-5.50000000000001,79.885,46.3376
117,122,74,68,20,10.22,9.21999999999998,9.99326530612245,35,1.49999999999999,75.025,33.6887666666667
114,151,98,108,33,36.51,31.51,12.0838775510204,33,21.4999999999999,89.425,42.3552666666667
128,129,68,50,15,33.29,-7.71000000000003,7.68755102040816,30,8.49999999999999,84.165,50.8711
108,107,62,43,13,19.07,31.07,7.54122448979592,24,-3.50000000000001,87.925,46.0634333333333
90,113,72,61,20,25.13,14.13,12.6720408163265,35,-4.50000000000001,112.905,77.1354333333333
128,155,96,119,38,56.55,12.55,14.5877551020408,32,4.49999999999999,92.0850000000001,51.3171
96,119,72,44,13,24.19,10.19,8.80285714285715,37,3.49999999999999,103.065,51.5524333333333
114,127,76,58,16,21.27,15.27,12.310612244898,23,-0.500000000000011,84.9850000000001,48.8267666666667
109,114,74,52,15,12.14,15.14,12.9855102040816,25,1.49999999999999,87.025,54.7761
109,142,80,84,26,14.42,17.42,7.76265306122449,27,1.49999999999999,83.025,41.9192666666667
101,128,80,56,15,-3.72000000000003,-15.72,9.62408163265306,17,-0.500000000000011,70.985,39.5797666666667
110,131,78,74,20,-5.69000000000003,-5.69000000000004,15.5644897959184,28,-13.5,97.725,61.1639333333334
96,107,60,28,9,0.0699999999999807,-0.930000000000026,12.7912244897959,25,-10.5,90.785,49.3364333333333
107,118,72,51,15,11.18,-2.82000000000002,6.98938775510204,24,-7.50000000000001,91.845,58.9239333333333
84,125,80,80,24,21.25,14.25,9.43367346938776,33,1.49999999999999,95.025,57.5931
105,140,80,68,19,15.4,8.39999999999997,17.1357142857143,33,1.49999999999999,103.025,54.2787666666667
100,121,82,72,22,15.21,16.21,11.6797959183674,29,3.49999999999999,93.065,36.9352666666667
105,138,82,90,24,31.38,35.38,11.7587755102041,35,19.5,87.385,55.3034333333333
118,97,60,38,12,23.97,12.97,4.1565306122449,36,2.49999999999999,98.045,58.3049333333334
84,127,72,59,17,14.27,7.26999999999997,9.56061224489796,27,7.49999999999999,99.1450000000001,50.0522666666667
110,121,74,49,14,14.21,12.21,4.92979591836735,35,3.49999999999999,103.065,54.3701
89,112,70,42,11,14.12,9.11999999999998,7.35857142857143,35,-4.50000000000001,96.9050000000001,55.8201
84,129,78,75,19,30.29,-5.71000000000003,6.93755102040816,32,10.5,68.205,36.3786
107,130,76,77,25,30.3,19.3,12.0010204081633,32,-5.50000000000001,87.885,57.8522666666667
102,121,66,60,18,27.21,7.20999999999997,9.92979591836735,38,12.5,98.245,58.7951
98,121,76,50,16,8.20999999999998,12.21,7.42979591836735,28,6.49999999999996,92.125,57.5876
104,111,68,55,16,22.11,20.11,12.2951020408163,18,-1.50000000000001,99.965,35.7592666666667
118,131,72,34,9,22.31,6.30999999999999,8.56448979591837,38,18.4999999999999,86.3650000000001,59.8702666666666
86,109,64,65,19,0.0899999999999768,1.08999999999998,12.9181632653061,30,4.49999999999999,108.085,50.9512666666667
105,124,78,53,15,18.24,4.23999999999997,8.87020408163266,40,-3.50000000000001,95.925,61.7856
109,140,82,69,18,20.4,18.4,14.8857142857143,39,-0.500000000000011,82.9850000000001,45.1734333333333
106,107,56,30,8,33.07,19.07,12.0412244897959,33,19.4999999999999,95.385,48.9822666666667
105,114,68,51,17,17.14,14.14,9.48551020408163,32,2.49999999999999,98.045,54.0487666666667
104,127,82,59,20,24.27,17.27,10.060612244898,27,3.49999999999999,97.065,59.1724333333333
96,129,82,73,21,5.28999999999997,6.28999999999997,11.6875510204082,27,1.49999999999999,93.025,50.9107666666667
107,130,82,85,21,31.3,25.3,16.2510204081633,23,-6.50000000000001,94.865,63.7537666666667
95,134,82,82,22,29.34,14.34,9.75489795918367,28,2.49999999999999,66.045,30.9674333333333
107,104,50,21,7,4.03999999999998,0.0399999999999814,9.60081632653061,26,-5.50000000000001,87.8850000000001,38.9124333333333
108,129,78,67,20,21.29,22.29,12.6875510204082,37,1.49999999999999,111.025,72.4132666666667
109,128,70,47,9,11.28,17.28,5.62408163265306,33,11.5,91.225,50.4312666666667
99,126,84,43,14,4.25999999999998,6.25999999999997,7.49714285714285,32,14.4999999999999,72.285,50.3514333333333
103,130,74,49,15,2.29999999999997,-1.70000000000003,10.7510204081633,33,7.49999999999999,89.1450000000001,54.0032666666667
102,121,72,51,14,9.20999999999997,1.20999999999997,9.92979591836735,38,18.4999999999999,88.365,43.8291
98,119,78,54,14,22.19,22.19,11.8028571428571,37,3.49999999999999,107.065,61.9661
107,132,74,71,23,16.32,-5.68000000000002,10.3779591836735,28,6.49999999999999,104.125,61.6822666666667
106,125,80,48,14,0.249999999999975,3.24999999999998,11.9336734693878,30,8.49999999999999,112.165,72.4466
102,125,84,80,22,33.2499999999999,14.25,11.4336734693878,34,16.5,104.325,68.1682666666667
114,137,76,68,20,18.37,11.37,7.19530612244898,36,10.5,80.205,36.4707666666667
104,125,72,59,17,4.24999999999997,7.24999999999997,12.4336734693878,39,1.49999999999999,109.025,76.6026
105,114,64,42,13,8.13999999999998,6.13999999999998,8.73551020408163,29,15.4999999999999,81.305,54.1206
106,123,68,74,23,42.2299999999999,30.23,12.5567346938776,39,13.4999999999999,103.265,48.1186
95,124,76,73,22,36.2399999999999,11.24,7.12020408163265,25,5.49999999999999,67.105,40.4507666666667
108,145,90,51,14,30.45,10.45,9.9530612244898,37,13.5,99.265,61.2819333333333
120,143,88,109,31,17.43,37.43,10.3261224489796,27,9.49999999999999,91.185,47.7712666666667
118,165,106,144,45,30.65,19.65,13.4724489795918,32,14.4999999999999,86.285,47.6794333333333
116,127,82,69,20,28.27,22.27,10.310612244898,28,0.499999999999989,92.0050000000001,51.5072666666667
97,140,84,89,23,30.3999999999999,16.4,12.8857142857143,30,10.5,72.205,47.4539333333333
104,123,74,65,19,25.23,24.23,10.8067346938776,23,7.49999999999999,73.145,41.7329333333333
109,138,80,117,37,41.38,18.38,11.5087755102041,24,8.49999999999999,68.165,40.8287666666667
120,153,86,98,29,31.5299999999999,10.53,14.2108163265306,36,14.5,86.285,49.2354333333333
107,120,74,87,26,38.2,22.2,9.61632653061225,38,16.5,78.325,41.4039333333333
110,103,58,37,13,12.03,8.02999999999998,10.2873469387755,32,-1.50000000000001,95.965,57.3481
113,132,82,71,23,14.32,14.32,7.37795918367347,25,-4.50000000000001,78.905,39.1342666666667
102,117,68,45,14,19.17,13.17,7.67591836734694,31,15.5,75.305,42.9091
114,131,72,59,16,23.31,36.31,6.81448979591837,27,3.49999999999999,73.0650000000001,46.6194333333333
104,135,76,94,28,42.35,3.34999999999997,11.0683673469388,27,13.5,85.265,46.7306
93,112,70,51,15,17.12,10.12,7.35857142857143,25,-0.500000000000011,80.985,52.3669333333333
116,137,76,56,17,27.37,2.36999999999997,10.695306122449,32,12.5,92.245,49.3229333333333
117,134,84,57,18,7.33999999999997,7.33999999999997,11.5048979591837,33,9.49999999999994,111.185,63.4912666666667
102,123,76,49,16,-10.77,-8.77000000000002,8.55673469387755,35,1.49999999999999,119.025,72.6577666666667
109,116,58,43,11,11.16,13.16,7.86244897959184,25,-4.50000000000001,70.905,35.1352666666667
103,120,72,38,8,23.2,9.19999999999997,9.61632653061225,26,4.49999999999999,88.085,48.4417666666667
105,128,72,61,15,14.28,-0.720000000000027,11.3740816326531,29,5.49999999999999,109.105,70.4612666666667
107,142,84,83,30,23.42,18.42,11.2626530612245,29,9.49999999999998,87.185,54.7706
101,138,94,62,19,8.37999999999997,24.38,9.75877551020409,34,-5.50000000000001,101.885,54.5387666666667
96,117,70,62,20,17.17,7.16999999999998,8.17591836734694,27,11.5,97.2250000000001,56.0491
105,154,100,109,32,13.54,7.53999999999998,11.2742857142857,30,10.5,84.205,49.6039333333333
93,114,68,21,7,15.14,-2.86000000000002,6.73551020408163,29,3.49999999999999,87.065,34.9254333333333
106,137,84,64,21,14.37,23.37,12.195306122449,29,-6.50000000000001,82.8650000000001,52.0534333333333
99,126,76,65,21,30.26,25.26,8.74714285714286,24,4.49999999999999,102.085,63.0421
114,119,70,48,12,27.19,26.19,9.55285714285714,30,10.5,78.2050000000001,49.7599333333333
121,152,80,111,26,52.52,21.52,10.8973469387755,26,-3.50000000000001,85.925,44.3482666666667
134,141,84,54,13,1.40999999999997,-8.59000000000003,11.1991836734694,34,12.5,64.245,36.3197666666667
95,126,78,55,18,10.26,-1.74000000000003,10.4971428571429,28,14.5,72.285,48.0621
125,130,76,84,25,25.3,24.3,7.50102040816327,31,3.49999999999999,81.065,49.0802666666667
99,116,68,58,16,6.15999999999998,7.15999999999998,13.1124489795918,37,9.49999999999999,95.185,47.3752666666667
103,140,78,69,21,0.39999999999997,-1.60000000000002,11.3857142857143,29,3.49999999999999,103.065,69.3406
113,130,72,67,23,20.3,5.29999999999998,11.0010204081633,31,11.5,95.225,49.3502666666667
103,126,74,56,16,19.26,13.26,10.9971428571429,32,6.49999999999999,84.125,31.0846
100,129,80,77,23,26.29,14.29,13.4375510204082,24,6.49999999999999,94.125,40.5789333333333
99,146,90,95,28,23.46,12.46,8.0165306122449,35,1.49999999999999,97.025,48.0674333333333
105,144,88,109,26,26.44,7.43999999999997,13.3895918367347,34,6.49999999999999,98.125,51.2476
109,146,94,72,21,32.46,32.46,10.7665306122449,32,10.5,76.205,43.1524333333333
119,128,82,60,18,50.28,40.28,9.12408163265306,34,4.49999999999999,80.0850000000001,50.7077666666667
86,109,68,62,20,14.09,3.08999999999997,12.4181632653061,25,-0.500000000000011,84.985,55.6044333333333
88,123,82,57,18,22.23,11.23,12.3067346938776,28,2.49999999999999,88.045,50.2807666666667
101,122,80,58,19,20.22,7.21999999999997,12.9932653061225,30,10.5,108.205,63.7414333333333
114,143,78,73,17,5.42999999999996,-13.57,9.0761224489796,28,2.49999999999999,72.045,40.2646
114,143,92,68,24,6.42999999999997,4.42999999999997,11.3261224489796,28,8.49999999999999,96.165,54.9737666666667
89,124,76,53,14,-3.76000000000003,-6.76000000000003,8.62020408163265,33,-0.500000000000011,76.985,41.3182666666667
97,118,78,73,22,22.18,18.18,11.489387755102,37,-0.500000000000011,126.985,79.2366
110,135,82,76,26,23.35,23.35,10.8183673469388,37,5.49999999999999,105.105,57.5051
109,154,98,84,27,33.54,8.53999999999997,10.5242857142857,28,12.5,84.245,52.0436
108,141,86,105,29,28.41,14.41,9.69918367346939,29,7.49999999999999,79.145,42.1009333333333
117,148,88,69,20,6.47999999999997,4.47999999999997,7.8934693877551,23,1.49999999999999,75.025,38.9171
98,113,68,44,13,10.13,9.12999999999999,11.6720408163265,22,4.49999999999999,78.0850000000001,50.0869333333333
121,130,80,73,17,19.3,-0.700000000000035,9.75102040816327,34,4.49999999999999,104.085,54.9499333333333
104,133,84,56,16,15.33,13.33,10.1914285714286,32,20.4999999999999,98.405,63.9737666666666
120,155,94,86,22,4.54999999999997,6.54999999999997,12.5877551020408,38,10.5,92.205,45.0454333333333
115,122,74,44,13,23.22,22.22,11.9932653061225,30,6.49999999999999,90.1250000000001,58.1899333333333
109,130,74,81,25,19.3,25.3,12.7510204081633,25,5.49999999999999,107.105,62.4964333333333
117,140,86,79,23,20.4,7.39999999999997,7.13571428571428,25,-0.500000000000011,66.985,44.6977666666667
103,110,62,36,11,0.0999999999999766,-7.90000000000002,7.98163265306123,29,-4.50000000000001,72.905,40.5947666666667
100,143,86,87,25,27.43,8.42999999999998,15.0761224489796,31,13.5,105.265,43.6099333333333
117,134,84,62,19,-2.66000000000003,-1.66000000000004,9.25489795918367,39,3.49999999999999,81.065,44.5521
117,114,74,20,6,5.13999999999998,13.14,10.7355102040816,34,-1.50000000000001,97.965,63.2746
92,133,88,81,25,21.33,2.32999999999998,7.94142857142857,27,3.49999999999999,101.065,53.7906
109,138,88,71,22,9.37999999999997,11.38,12.2587755102041,23,-2.50000000000001,84.945,34.5111
106,113,68,39,10,18.13,12.13,10.9220408163265,30,14.5,92.285,62.3471
114,145,90,108,35,34.45,23.45,15.2030612244898,37,17.4999999999999,91.345,59.0179333333333
114,151,96,92,29,7.50999999999997,0.509999999999968,10.0838775510204,34,10.5,80.205,42.8789333333334
116,139,76,90,27,18.39,34.39,14.0722448979592,34,8.49999999999999,94.165,69.2887666666667
95,108,58,49,14,20.08,7.07999999999998,12.104693877551,33,9.49999999999998,101.185,67.9162666666667
114,151,94,107,29,24.51,20.51,10.8338775510204,26,2.49999999999999,84.045,52.2354333333333
103,124,76,53,17,12.24,22.24,10.3702040816327,24,12.5,88.245,56.6604333333333
96,143,86,74,24,3.42999999999997,-5.57000000000003,12.0761224489796,27,3.49999999999999,89.065,58.1126
96,97,52,28,12,1.96999999999998,12.97,9.6565306122449,28,-1.50000000000001,91.965,46.7066
104,141,84,82,29,20.41,12.41,14.6991836734694,24,8.49999999999999,74.165,37.4576
91,120,60,45,10,6.19999999999997,3.19999999999997,9.86632653061225,30,2.49999999999997,80.045,47.1977666666667
106,117,78,52,13,14.17,10.17,9.67591836734694,31,15.5,87.305,35.7864333333333
115,148,98,113,34,40.48,11.48,11.6434693877551,42,18.5,102.365,66.1031
109,122,82,40,12,15.22,25.22,13.2432653061225,30,6.49999999999999,112.125,63.6337666666667
120,141,78,85,26,3.40999999999997,5.40999999999997,16.1991836734694,30,10.5,100.205,59.4719333333333
104,123,72,59,17,27.23,10.23,10.8067346938776,28,16.5,82.325,47.9516
103,116,72,46,11,1.15999999999998,-8.84000000000002,7.86244897959184,32,4.49999999999999,90.085,46.1642666666667
100,111,66,36,10,33.1099999999999,28.11,10.5451020408163,27,-4.50000000000001,94.905,46.5301
106,129,82,80,26,34.29,15.29,12.6875510204082,27,15.5,71.305,39.1599333333333
103,136,90,80,26,17.36,9.35999999999997,10.6318367346939,27,5.49999999999999,83.105,51.8872666666667
125,144,80,82,24,30.44,22.44,9.1395918367347,39,21.4999999999999,101.425,63.4266
95,124,82,67,20,26.24,20.2399999999999,12.8702040816327,29,7.49999999999999,85.1450000000001,49.3907666666667
105,114,64,46,15,1.13999999999998,6.13999999999997,11.9855102040816,30,8.49999999999999,100.165,55.4381
104,133,80,52,18,-14.67,-13.67,8.44142857142857,32,12.5,64.245,36.9737666666667
116,133,72,46,12,-5.67000000000003,-6.67000000000003,11.4414285714286,23,1.49999999999999,77.025,40.6406
102,129,76,94,29,21.29,-6.71000000000003,14.9375510204082,25,9.49999999999998,93.185,58.3561
106,119,76,50,14,11.19,3.18999999999998,12.3028571428571,35,-4.50000000000001,80.905,45.4394333333333
95,130,82,78,21,29.3,38.2999999999999,7.50102040816326,29,5.49999999999999,105.105,71.5481
98,139,84,70,20,14.39,5.38999999999997,12.8222448979592,32,4.49999999999999,94.085,63.6306
109,146,96,90,26,21.46,22.46,10.5165306122449,32,10.5,64.205,44.2839333333333
122,121,64,44,13,2.20999999999997,-3.79000000000002,12.4297959183674,36,-3.50000000000001,93.925,41.6069333333333
116,123,74,48,16,22.23,7.22999999999998,10.8067346938776,20,-3.50000000000001,87.925,47.9704333333333
97,110,66,43,13,29.1,-1.90000000000003,6.73163265306122,26,-1.50000000000001,95.965,57.6654333333333
102,127,76,80,22,16.27,15.27,7.56061224489796,32,6.49999999999999,82.125,45.0651
107,110,58,30,8,2.09999999999998,-3.90000000000003,8.98163265306123,26,-5.50000000000001,93.885,70.3559333333334
99,138,92,107,35,16.38,6.37999999999997,12.2587755102041,31,11.5,85.225,36.7449333333333
112,109,58,26,7,27.09,17.09,12.1681632653061,29,9.49999999999999,87.185,39.3654333333333
105,120,68,42,11,10.2,-0.800000000000022,13.3663265306123,32,-1.50000000000001,109.965,58.9297666666667
116,133,72,52,14,8.32999999999998,-0.670000000000027,9.44142857142857,29,1.49999999999999,87.025,48.5559333333333
94,127,80,63,17,-6.73000000000003,-12.73,12.310612244898,36,0.499999999999989,88.005,48.4632666666667
108,121,70,64,23,5.20999999999997,8.20999999999997,11.1797959183673,26,2.49999999999999,78.045,45.4919333333333
87,134,86,55,18,5.33999999999997,-1.66000000000003,15.2548979591837,32,2.49999999999999,106.045,56.7931
97,124,66,55,14,18.24,4.23999999999997,9.37020408163265,31,7.49999999999998,103.145,60.3152666666667
96,107,54,28,9,8.06999999999998,11.07,9.29122448979592,32,10.5,78.205,48.3287666666667
120,135,76,69,19,2.34999999999997,-10.65,9.56836734693878,29,-0.500000000000011,102.985,60.0739333333333
120,143,86,67,22,-6.57000000000003,-8.57000000000003,8.82612244897959,47,13.4999999999999,103.265,51.0009333333333
104,139,86,85,26,11.39,9.38999999999997,13.5722448979592,26,-5.50000000000001,107.885,58.5959333333334
99,122,62,40,11,25.22,17.22,11.2432653061225,28,-7.50000000000001,89.845,43.9104333333334
107,112,74,39,12,17.12,14.12,12.8585714285714,28,-1.50000000000001,93.965,58.0279333333333
108,135,78,75,22,17.35,0.349999999999973,8.06836734693878,20,6.49999999999999,82.125,56.9127666666667
105,130,82,85,23,4.29999999999997,4.29999999999997,9.75102040816326,16,-5.50000000000001,97.885,47.0296
98,111,68,43,15,18.11,14.11,10.7951020408163,30,-5.50000000000001,103.885,47.6904333333333
106,129,76,84,22,9.28999999999998,7.28999999999997,11.9375510204082,37,-2.50000000000001,106.945,66.8962666666667
114,119,72,66,20,26.19,16.19,14.8028571428571,23,9.49999999999999,89.185,60.1921
99,142,94,82,27,42.42,22.42,16.5126530612245,28,8.49999999999999,92.165,65.6511
96,129,72,67,19,-0.710000000000027,-15.71,7.18755102040816,28,-5.50000000000001,75.885,38.3007666666667
91,126,74,55,15,17.26,24.26,8.74714285714286,35,15.5,61.305,17.2237666666667
98,141,80,82,23,8.40999999999997,-3.59000000000003,12.1991836734694,32,14.5,96.285,56.2909333333333
104,145,94,90,27,21.45,0.44999999999996,14.7030612244898,30,10.5,86.205,48.1746
117,136,92,67,22,25.36,19.36,8.63183673469388,29,-0.500000000000011,110.985,70.9771
91,128,84,64,19,32.28,17.28,9.37408163265306,37,13.5,107.265,55.3376
107,112,60,52,13,26.12,23.12,6.35857142857143,28,8.49999999999999,76.165,42.7754333333333
102,139,84,53,15,2.38999999999997,0.389999999999969,7.57224489795918,36,8.49999999999999,80.165,47.3451
90,125,76,63,17,1.24999999999997,0.249999999999972,11.9336734693878,30,6.49999999999999,70.125,38.8719333333333
111,136,76,80,23,10.36,15.36,7.38183673469388,36,12.5,74.245,43.8834333333333
117,140,80,64,18,23.4,31.4,12.8857142857143,28,2.49999999999999,88.045,49.7986
120,143,80,60,16,29.43,13.43,12.3261224489796,33,15.5,97.305,55.6914333333333
113,150,88,77,24,10.5,1.49999999999997,9.27040816326531,34,10.5,92.205,66.0716
104,123,76,34,12,21.23,6.22999999999997,8.80673469387756,20,0.499999999999989,88.005,53.0856
109,146,104,133,41,5.45999999999997,10.46,11.5165306122449,20,-3.50000000000001,79.9250000000001,36.1479333333333
97,132,84,78,24,9.31999999999997,-7.68000000000003,10.1279591836735,31,-2.50000000000001,106.945,63.0086
105,116,60,35,8,4.15999999999998,5.15999999999997,6.11244897959184,27,15.5,69.305,40.1114333333333
112,121,66,33,9,2.20999999999997,9.20999999999997,11.6797959183674,37,7.49999999999998,109.145,51.7357666666667
113,126,72,47,14,22.26,21.26,12.2471428571429,35,15.5,79.305,40.0677666666667
126,141,94,80,27,18.41,19.41,9.94918367346939,42,14.5,100.285,53.4146
115,134,74,82,24,13.34,28.34,5.25489795918367,34,20.4999999999999,88.405,66.5411
97,120,70,36,12,18.2,8.19999999999998,9.11632653061225,26,6.49999999999999,84.125,52.9319333333333
94,113,62,37,13,19.13,8.12999999999998,10.6720408163265,24,2.49999999999999,76.045,38.6432666666667
113,132,84,90,29,35.32,17.32,8.87795918367347,29,7.49999999999999,111.145,66.4811
109,120,56,55,14,-15.8,-14.8,9.86632653061225,24,-11.5,95.765,55.3601
101,118,68,43,11,35.18,10.18,9.73938775510204,27,-0.500000000000011,84.985,42.0147666666667
100,133,82,63,19,4.32999999999997,22.33,8.19142857142857,38,10.5,94.205,62.6646
107,112,60,47,14,9.11999999999998,12.12,8.85857142857143,29,-2.50000000000001,76.945,26.8629333333333
85,102,56,32,9,19.02,21.02,6.97387755102041,33,7.49999999999999,93.145,66.7559333333334
104,147,84,90,21,28.47,2.46999999999996,10.58,40,4.49999999999998,112.085,75.1267666666667
96,107,62,32,7,-19.93,-2.93000000000002,11.2912244897959,34,-3.50000000000001,77.925,37.4054333333333
98,121,68,58,14,21.21,22.21,8.17979591836735,39,15.5,115.305,65.1726
110,109,64,44,14,32.09,22.09,6.16816326530612,36,16.4999999999999,98.325,47.0911
86,113,70,72,23,7.12999999999997,5.12999999999997,11.4220408163265,31,11.5,101.225,64.4631
114,115,54,36,9,12.15,13.15,13.7989795918367,35,3.49999999999999,101.065,60.7214333333333
103,122,84,60,19,22.22,-2.78000000000003,9.49326530612245,28,10.5,90.205,46.2764333333333
98,121,74,62,19,14.21,7.20999999999997,11.6797959183674,31,-2.50000000000001,90.945,58.7766
100,127,76,35,9,12.27,7.26999999999997,10.060612244898,30,18.4999999999999,84.365,50.3887666666667
103,130,74,87,27,13.3,-6.70000000000003,13.7510204081633,26,12.5,80.245,43.4407666666667
90,119,72,68,20,11.19,-1.81000000000004,10.0528571428571,35,3.49999999999999,101.065,66.0562666666667
102,123,72,56,17,16.23,15.23,9.80673469387755,33,-4.50000000000001,78.905,44.0376
96,127,82,81,28,16.27,3.26999999999997,8.06061224489796,35,3.49999999999998,99.0650000000001,65.5431
122,125,58,34,4,5.24999999999997,-13.75,10.9336734693878,27,7.49999999999999,79.145,33.4246
103,130,88,58,20,24.3,4.29999999999997,11.2510204081633,36,10.5,68.205,38.7066
116,151,86,104,30,30.5099999999999,14.51,15.3338775510204,36,12.5,108.245,71.9017666666667
113,116,64,44,9,-0.840000000000025,3.15999999999997,3.86244897959184,32,6.49999999999999,70.125,24.3834333333333
101,142,104,81,27,27.42,29.42,10.5126530612245,35,5.49999999999997,105.105,61.5536
117,140,86,86,23,30.4,9.39999999999997,10.6357142857143,32,12.5,90.245,52.0832666666667
114,115,68,30,11,22.15,5.14999999999997,11.7989795918367,37,15.4999999999999,93.305,61.0041
93,124,74,62,18,14.24,-2.76000000000003,12.6202040816327,31,3.49999999999999,75.065,43.2289333333333
114,111,60,26,9,16.11,11.11,10.5451020408163,25,-2.50000000000001,86.945,43.5919333333333
105,126,70,53,17,25.26,14.26,7.24714285714286,32,18.4999999999999,90.365,58.1079333333333
120,151,96,118,39,34.51,19.51,15.0838775510204,35,21.4999999999999,85.425,50.0252666666667
106,137,76,66,14,23.37,4.36999999999998,13.695306122449,26,10.5,90.205,47.1794333333333
96,107,58,17,4,-7.93000000000002,3.06999999999998,7.29122448979592,32,12.5,84.245,48.2756
91,126,80,67,21,5.25999999999997,3.25999999999997,11.4971428571429,31,17.4999999999999,87.345,61.6204333333333
112,143,90,100,29,19.43,19.43,11.3261224489796,33,13.5,99.265,56.2624333333333
101,110,64,42,13,25.1,20.1,4.73163265306122,30,10.5,82.205,41.2241
106,141,84,88,27,29.41,22.41,8.44918367346939,31,1.49999999999999,79.025,51.2881
103,106,68,53,17,12.06,13.06,10.4777551020408,30,-1.50000000000001,89.965,60.8031
111,126,78,57,15,2.25999999999997,1.25999999999997,3.74714285714286,35,1.49999999999999,67.025,14.5996
113,136,78,86,25,13.36,21.36,10.6318367346939,39,15.5,117.305,71.1762666666667
113,120,66,64,16,18.2,20.2,13.6163265306122,25,7.49999999999999,87.145,43.9839333333333
98,123,78,62,17,28.23,6.22999999999997,11.5567346938776,35,13.5,99.265,49.7652666666667
103,132,74,68,18,30.32,7.31999999999998,9.12795918367347,27,-4.50000000000001,76.905,37.6026
112,117,68,22,7,17.17,21.17,11.1759183673469,34,16.5,110.325,67.6902666666667
117,156,82,107,31,2.55999999999997,-5.44000000000004,10.4012244897959,27,9.49999999999997,85.185,46.2537666666667
115,138,80,96,31,19.38,33.38,13.7587755102041,25,-4.50000000000001,80.905,37.9807666666667
121,138,72,94,23,43.38,14.38,8.00877551020409,33,3.49999999999999,81.065,34.8186
102,143,92,74,22,9.42999999999997,14.43,11.0761224489796,36,14.5,82.285,53.2816
104,143,96,90,28,15.43,13.43,12.3261224489796,21,-0.500000000000011,84.985,44.0997666666667
107,116,70,56,18,11.16,34.16,10.6124489795918,35,13.4999999999999,109.265,67.7447666666667
103,128,84,52,19,13.28,12.28,11.8740816326531,29,11.5,85.2250000000001,48.4917666666667
99,126,80,77,22,16.26,21.26,11.2471428571429,35,21.4999999999999,87.425,43.8881
98,119,74,67,19,33.19,15.19,10.3028571428571,29,-8.50000000000001,74.825,26.8701
95,106,64,45,14,29.06,21.06,10.2277551020408,32,10.5,92.205,54.2269333333333
100,133,84,67,20,16.33,3.32999999999997,12.9414285714286,28,12.5,84.245,49.8914333333333
122,137,80,82,23,37.37,-2.63000000000003,5.94530612244898,31,11.5,87.225,54.2144333333333
101,128,66,55,14,-2.72000000000003,-10.72,10.1240816326531,41,9.49999999999999,93.185,44.4157666666667
107,132,84,62,18,24.32,10.32,9.37795918367347,33,5.49999999999999,93.105,51.1076
99,114,74,48,17,30.14,25.14,8.98551020408164,28,8.49999999999999,100.165,57.7459333333333
109,134,78,79,22,0.339999999999968,-2.66000000000003,8.75489795918368,29,17.4999999999999,73.345,42.7031
122,161,96,161,41,46.6099999999999,21.61,9.21857142857143,31,5.49999999999999,71.105,41.9609333333333
90,133,70,57,15,2.32999999999997,-9.67000000000002,11.6914285714286,28,-1.50000000000001,81.9650000000001,41.0052666666667
97,128,92,63,21,7.27999999999997,0.279999999999971,9.37408163265306,26,-3.50000000000001,85.925,38.6757666666667
106,127,76,65,24,27.27,17.27,10.810612244898,31,11.5,97.225,48.8426
107,124,80,41,13,5.23999999999997,-0.760000000000023,5.37020408163265,25,-0.500000000000011,78.985,43.3314333333333
100,117,66,48,14,20.17,10.17,11.1759183673469,26,0.499999999999989,84.005,48.9446
104,143,98,86,23,19.43,32.43,14.0761224489796,25,-2.50000000000001,50.945,23.6372666666667
117,128,76,61,19,23.28,8.27999999999999,15.3740816326531,32,12.5,82.245,40.8152666666667
102,125,82,62,20,-8.75000000000003,-8.75000000000003,5.68367346938776,31,1.49999999999999,81.025,40.9116
118,159,98,100,31,30.59,13.59,15.5916326530612,28,10.5,88.205,47.0634333333333
95,108,64,26,8,7.07999999999998,2.07999999999998,6.10469387755102,31,13.5,83.265,44.1234333333333
117,130,82,54,18,37.3,29.3,8.25102040816327,30,10.5,88.205,48.4607666666667
122,135,74,52,13,20.35,4.34999999999997,10.3183673469388,23,13.5,75.2650000000001,38.9281
107,128,74,44,12,4.27999999999997,14.28,13.6240816326531,36,2.49999999999999,76.045,31.0939333333333
107,124,82,68,24,15.24,14.24,11.1202040816327,22,0.499999999999989,76.005,40.4677666666667
88,107,56,41,7,2.06999999999998,-8.93000000000002,8.29122448979592,36,-13.5,85.7250000000001,48.0269333333334
93,112,60,28,10,9.11999999999998,-0.880000000000024,8.10857142857143,31,-2.50000000000001,86.945,51.8049333333333
107,112,66,56,19,33.12,41.12,9.60857142857143,33,-14.5,86.705,50.8736
123,124,78,68,21,13.24,10.24,8.12020408163265,33,13.5,95.265,57.5889333333333
126,135,86,75,24,30.35,28.35,11.3183673469388,30,4.49999999999999,104.085,42.2239333333333
92,103,60,36,10,14.03,20.03,7.78734693877551,31,-2.50000000000001,90.945,53.8802666666667
96,131,76,68,16,15.31,7.30999999999998,8.06448979591837,30,4.49999999999999,96.085,60.6942666666666
112,117,74,56,16,23.17,2.16999999999998,7.92591836734694,37,13.5,87.265,46.0292666666667
110,131,72,75,19,35.31,19.31,11.0644897959184,27,9.49999999999999,79.185,44.2666
106,121,68,69,19,32.21,24.21,9.42979591836735,35,-0.500000000000011,92.985,54.4197666666667
100,121,76,55,17,1.20999999999997,-3.79000000000003,11.1797959183673,27,-6.50000000000001,92.865,49.0466
125,144,94,142,43,31.44,10.44,14.3895918367347,27,15.4999999999999,75.305,36.0716
115,140,90,79,27,13.4,10.4,14.6357142857143,27,11.5,57.225,32.3601
115,146,86,84,27,6.45999999999997,0.459999999999971,11.2665306122449,35,1.49999999999999,83.025,41.8771
104,119,76,49,14,18.19,11.19,9.55285714285715,32,8.49999999999999,84.165,40.3219333333333
121,144,82,86,27,27.44,16.44,9.38959183673469,35,17.5,83.345,45.3181
104,129,78,48,14,13.29,9.28999999999999,12.4375510204082,36,6.49999999999999,100.125,51.2547666666667
103,134,84,64,18,23.34,15.34,13.0048979591837,29,11.5,103.225,62.6982666666667
101,112,72,31,11,15.12,6.11999999999998,7.85857142857143,32,6.49999999999999,96.125,58.8812666666667
98,145,100,83,26,18.45,16.45,13.9530612244898,32,8.49999999999999,100.165,58.1741
97,114,64,57,15,21.14,20.14,10.4855102040816,30,4.49999999999999,90.085,44.7761
104,141,84,78,24,17.41,15.41,9.19918367346939,33,3.49999999999999,69.065,29.7894333333333
86,131,80,69,22,15.31,1.30999999999997,5.56448979591837,30,8.49999999999999,96.165,61.8302666666667
101,126,68,56,15,6.25999999999998,5.25999999999997,11.2471428571429,32,6.49999999999999,86.125,57.4397666666667
122,141,76,97,33,28.41,21.41,11.4491836734694,36,20.4999999999999,86.405,63.0609333333333
92,113,72,37,10,6.12999999999998,8.12999999999998,10.9220408163265,27,5.49999999999999,85.105,52.7489333333333
107,142,76,71,20,19.42,2.41999999999997,10.7626530612245,43,29.4999999999999,89.585,64.3857666666667
107,140,82,84,25,18.4,-2.60000000000004,16.6357142857143,30,4.49999999999999,96.085,58.2682666666667
111,112,62,52,14,31.12,19.12,13.6085714285714,30,4.49999999999999,86.085,56.5972666666667
91,124,78,70,15,43.24,31.24,8.37020408163265,32,4.49999999999999,92.0850000000001,63.3459333333333
111,132,76,68,19,8.31999999999997,25.32,13.6279591836735,28,0.499999999999989,106.005,46.9309333333333
109,148,88,66,20,26.48,18.48,9.3934693877551,38,20.4999999999999,102.405,69.2436
122,133,82,75,23,19.33,27.33,8.19142857142857,33,11.5,91.225,50.9209333333333
107,118,66,59,16,14.18,7.17999999999997,10.239387755102,39,-0.500000000000011,106.985,64.8959333333333
109,114,68,62,20,42.14,33.14,4.48551020408163,35,3.49999999999999,95.0650000000001,51.1856
110,141,94,91,26,25.41,17.41,12.6991836734694,33,9.49999999999999,83.185,47.3282666666667
108,123,70,59,17,3.22999999999997,4.22999999999997,10.8067346938776,30,8.49999999999999,76.1650000000001,39.7287666666667
101,124,82,57,17,6.23999999999998,13.24,5.62020408163265,34,6.49999999999999,90.125,42.4529333333333
102,141,84,62,21,39.41,11.41,13.6991836734694,37,27.4999999999999,89.545,67.3657666666667
107,140,82,102,29,32.4,9.39999999999997,8.13571428571428,16,-1.50000000000001,69.965,35.7469333333333
116,125,66,64,16,15.25,7.24999999999997,11.1836734693878,30,2.49999999999999,86.0450000000001,45.4587666666667
109,132,82,55,17,15.32,-0.680000000000028,11.3779591836735,35,11.4999999999999,103.225,48.9797666666667
105,120,78,48,17,11.2,1.19999999999998,12.6163265306122,28,0.499999999999989,80.005,51.5851
108,135,86,79,25,28.35,6.34999999999997,12.8183673469388,34,4.49999999999999,106.085,64.4201
111,132,74,43,8,-11.68,-2.68000000000003,9.62795918367347,40,18.5,92.365,49.5374333333333
98,121,60,56,15,12.21,10.21,9.92979591836735,36,16.5,84.325,42.2969333333333
111,144,86,88,25,4.43999999999997,14.44,11.6395918367347,32,10.5,92.205,53.6326
104,111,62,51,13,1.10999999999997,-3.89000000000002,9.54510204081633,31,-2.50000000000001,78.945,36.3611
97,130,78,61,19,12.3,2.29999999999997,13.2510204081633,31,-0.500000000000011,88.9850000000001,51.5252666666667
108,135,76,58,16,35.35,19.35,7.31836734693877,28,8.49999999999999,88.165,52.6986
111,112,60,49,13,22.12,17.12,8.85857142857143,35,9.49999999999995,85.185,57.3569333333333
111,134,82,77,23,24.34,15.34,11.2548979591837,34,10.5,80.205,42.6251
111,128,80,68,21,11.28,-10.72,6.62408163265306,31,-4.50000000000001,74.905,43.0052666666667
123,130,72,39,11,18.3,9.29999999999997,8.00102040816327,40,6.49999999999999,92.125,60.3766
105,146,90,88,26,24.46,-10.54,9.0165306122449,33,-0.500000000000011,72.985,30.9901
115,140,84,93,26,25.4,33.3999999999999,10.3857142857143,29,9.49999999999999,75.185,35.2756
114,137,88,101,33,33.37,10.37,7.19530612244897,29,11.5,63.225,36.5434333333333
112,117,64,37,13,-3.83000000000003,-4.83000000000002,10.4259183673469,33,11.5,85.225,32.5179333333333
123,146,84,101,29,25.46,29.46,19.2665306122449,31,9.49999999999999,95.185,52.0181
118,133,80,58,18,34.3299999999999,21.33,9.94142857142857,34,12.5,84.245,40.0757666666667
106,127,68,52,17,3.26999999999997,3.26999999999996,6.31061224489796,38,6.49999999999999,92.125,56.3906
106,149,92,80,22,13.49,7.48999999999997,8.7069387755102,30,6.49999999999999,78.1250000000001,35.4464333333333
114,139,78,84,22,17.39,1.38999999999997,5.57224489795918,20,0.499999999999989,64.005,33.4172666666667
105,124,78,52,17,10.24,12.24,10.3702040816327,26,4.49999999999999,94.085,63.8447666666667
103,126,72,61,17,20.26,28.26,14.4971428571429,33,3.49999999999999,113.065,69.0417666666667
122,135,74,79,24,34.35,42.35,7.81836734693878,33,11.5,87.2250000000001,56.1701
96,119,66,75,21,21.19,14.19,7.05285714285714,30,6.49999999999999,98.125,72.1322666666667
109,140,86,84,25,28.4,31.4,10.1357142857143,26,-7.50000000000001,61.845,25.4272666666667
97,122,80,90,30,29.22,17.22,9.24326530612245,27,-2.50000000000001,78.9450000000001,46.5164333333333
117,140,82,76,26,21.4,14.4,9.13571428571429,27,-4.50000000000001,84.905,50.1257666666667
108,109,58,34,10,-0.910000000000023,7.08999999999997,11.6681632653061,28,2.49999999999999,90.045,49.7141
103,128,86,62,20,1.27999999999997,-14.72,12.1240816326531,22,-7.50000000000001,93.845,51.8504333333333
109,136,68,96,28,45.36,32.36,10.8818367346939,30,2.49999999999999,110.045,67.2999333333334
105,114,64,34,9,12.14,3.13999999999998,10.9855102040816,29,5.49999999999999,85.105,49.0889333333333
113,148,96,70,21,25.48,4.47999999999998,10.1434693877551,37,13.5,91.265,23.8459333333333
113,132,78,68,23,6.31999999999998,-3.68000000000002,13.8779591836735,31,-0.500000000000011,96.985,56.0664333333333
101,122,62,43,12,20.22,15.22,7.49326530612245,30,4.49999999999999,64.085,25.3831
101,110,70,42,15,8.09999999999998,8.09999999999998,9.98163265306123,30,14.5,76.285,53.9397666666667
106,127,80,83,28,8.26999999999997,9.26999999999996,11.560612244898,27,11.5,105.225,62.0636
108,127,80,76,23,29.27,17.27,12.810612244898,32,16.4999999999999,74.3250000000001,34.5917666666667
104,135,86,69,16,25.35,13.35,11.3183673469388,37,7.49999999999996,105.145,65.2881
113,124,64,60,15,11.24,2.23999999999997,11.6202040816327,23,7.49999999999999,83.1450000000001,58.6837666666667
89,114,68,37,9,9.13999999999998,-1.86000000000003,12.4855102040816,30,2.49999999999999,82.045,47.9571
88,139,84,90,26,10.39,6.38999999999998,14.5722448979592,25,3.49999999999999,83.065,50.8082666666667
97,126,78,61,15,16.26,-6.74000000000003,9.74714285714286,31,11.5,79.225,48.0299333333333
107,126,84,60,17,15.26,2.25999999999997,10.2471428571429,37,1.49999999999999,99.025,58.2722666666667
108,125,68,42,10,14.25,-5.75000000000003,11.1836734693878,29,-8.50000000000001,90.825,61.7619333333333
118,125,78,67,20,15.25,18.25,9.93367346938776,25,-10.5,76.7850000000001,41.3376
109,134,80,105,31,6.33999999999997,-4.66000000000003,9.75489795918367,32,6.49999999999998,100.125,52.1191
114,133,68,91,25,25.33,16.33,6.94142857142857,39,15.4999999999999,101.305,63.6674333333333
101,120,82,51,17,13.2,13.2,10.1163265306122,31,11.5,99.225,55.8161
110,117,76,57,19,3.16999999999998,7.16999999999998,13.6759183673469,27,13.5,71.265,25.0559333333333
96,121,74,50,11,9.20999999999997,7.20999999999997,8.42979591836735,33,13.5,99.265,62.8824333333334
100,137,78,79,21,-0.630000000000029,4.36999999999996,11.195306122449,24,8.49999999999999,76.165,47.1591
123,130,82,75,22,20.3,11.3,9.00102040816327,28,4.49999999999999,88.085,48.6714333333333
97,126,80,67,22,19.26,14.26,6.74714285714286,31,1.49999999999999,85.025,57.4299333333333
118,133,78,106,30,30.33,40.33,10.1914285714286,36,4.49999999999999,76.085,44.5951
92,117,74,53,16,4.16999999999998,3.16999999999998,9.92591836734694,35,1.49999999999999,89.025,58.5102666666667
103,134,82,75,18,7.33999999999997,0.339999999999971,11.7548979591837,25,-2.50000000000001,80.9450000000001,50.5226
113,114,70,50,16,20.14,15.14,12.9855102040816,31,9.49999999999998,89.185,53.9474333333333
105,110,76,37,12,-1.90000000000002,-9.90000000000002,3.98163265306122,26,4.49999999999999,62.085,16.8631
101,132,72,44,10,12.32,16.32,10.8779591836735,31,5.49999999999999,89.105,40.0644333333333
108,123,66,44,13,20.23,17.23,12.3067346938776,36,16.4999999999999,88.325,40.7132666666667
99,136,84,67,21,5.35999999999997,1.35999999999997,10.1318367346939,37,23.5,71.465,28.1967666666667
105,120,72,50,13,33.2,9.19999999999997,9.11632653061224,27,9.49999999999999,93.185,54.5227666666667
103,112,64,30,8,8.11999999999997,5.11999999999998,7.85857142857143,26,0.499999999999989,76.005,40.5972666666667
102,121,70,62,22,44.21,52.21,11.9297959183673,26,8.49999999999999,86.165,50.8307666666667
111,140,82,66,19,-9.60000000000003,1.39999999999997,10.1357142857143,31,-6.50000000000001,72.8650000000001,25.3012666666667
106,137,90,84,25,33.37,12.37,15.195306122449,33,17.5,91.345,58.2066
115,158,102,124,33,14.58,10.58,17.0281632653061,36,16.4999999999999,110.325,70.1867666666667
95,138,90,67,20,-2.62000000000003,-6.62000000000003,10.7587755102041,26,-5.50000000000001,79.885,47.1941
108,121,78,73,21,8.20999999999997,12.21,6.92979591836735,34,2.49999999999999,80.045,43.6576
109,148,96,92,29,35.48,22.48,9.1434693877551,40,12.5,74.245,36.5134333333333
97,118,72,48,13,7.17999999999997,5.17999999999997,8.98938775510204,30,-3.50000000000001,97.925,58.4396
99,136,78,49,15,4.35999999999998,2.35999999999998,9.63183673469388,34,0.499999999999989,92.005,62.3642666666667
94,125,76,62,17,9.24999999999997,10.25,10.4336734693878,35,-8.50000000000001,96.825,47.3577666666667
108,139,86,77,25,33.3899999999999,5.38999999999998,8.07224489795919,35,19.4999999999999,105.385,73.5279333333333
117,134,88,112,38,45.3399999999999,38.34,7.25489795918367,31,3.49999999999998,95.065,54.8577666666667
113,98,46,22,6,1.97999999999998,6.97999999999997,8.97,25,3.49999999999999,111.065,60.8981
105,126,74,52,15,25.26,14.26,12.2471428571429,33,9.49999999999998,91.185,54.2719333333334
115,156,94,105,30,29.56,17.56,12.9012244897959,36,18.5,90.365,51.4244333333333
99,126,78,44,15,20.26,13.26,9.74714285714286,36,12.5,82.245,49.1907666666667
112,137,82,100,30,29.37,12.37,11.195306122449,30,12.5,98.245,56.6629333333333
94,125,64,47,7,2.24999999999997,-1.75000000000003,8.68367346938775,29,-4.50000000000001,90.905,63.2306
106,111,60,62,19,24.11,31.11,2.54510204081633,31,7.49999999999999,83.1450000000001,36.2429333333333
106,123,78,56,17,-1.77000000000003,4.22999999999996,10.5567346938776,27,9.49999999999999,83.185,51.7559333333334
86,127,92,84,28,13.27,0.269999999999975,11.560612244898,30,8.49999999999999,108.165,74.7304333333333
101,134,90,58,17,29.34,6.33999999999997,10.7548979591837,30,12.5,84.245,60.5859333333333
111,124,82,59,18,-1.76000000000003,-3.76000000000003,8.87020408163266,30,6.49999999999999,72.125,40.9006
116,129,84,85,25,32.29,23.29,6.18755102040816,44,16.5,108.325,55.7107666666667
114,117,64,37,7,17.17,2.16999999999997,8.42591836734694,23,-2.50000000000001,60.945,25.7509333333333
109,114,62,30,9,-6.86000000000002,-5.86000000000002,12.4855102040816,27,1.49999999999999,91.025,50.3891
109,114,68,37,10,24.14,15.14,7.48551020408163,28,2.49999999999999,76.045,38.9302666666667
102,121,72,62,21,15.21,9.20999999999997,10.4297959183673,35,13.5,85.265,36.4687666666667
99,124,72,71,22,9.23999999999998,15.24,9.87020408163265,25,1.49999999999999,83.0250000000001,42.5019333333333
99,136,82,77,24,35.36,20.36,11.8818367346939,34,16.5,84.325,44.5167666666667
95,130,80,60,21,15.3,15.3,7.75102040816327,35,19.4999999999999,87.385,56.4637666666667
109,122,76,44,16,-1.78000000000003,-2.78000000000003,8.49326530612245,27,1.49999999999999,93.025,49.3982666666667
112,163,102,115,34,9.62999999999998,0.629999999999956,7.84551020408163,34,14.5,82.285,55.6411
94,129,80,64,18,19.29,18.29,7.18755102040816,30,0.499999999999989,92.005,33.5806
106,105,64,48,15,0.0499999999999776,8.04999999999998,10.4142857142857,29,13.5,79.265,45.7822666666667
111,110,66,35,11,15.1,2.09999999999997,7.23163265306123,26,0.499999999999989,86.005,48.6647666666667
107,142,96,124,40,12.42,2.41999999999997,11.5126530612245,29,5.49999999999999,85.105,30.5412666666667
107,118,64,60,18,13.18,27.18,10.489387755102,36,14.5,108.285,56.6771
116,103,54,34,7,23.03,32.03,9.53734693877551,26,0.499999999999989,96.005,43.8834333333333
107,144,84,83,25,24.44,16.44,11.1395918367347,42,20.4999999999999,118.405,71.0171
89,124,78,53,18,12.24,4.23999999999998,11.3702040816327,27,-2.50000000000001,68.945,26.3337666666667
112,149,82,88,21,15.49,17.49,9.70693877551021,35,1.49999999999999,91.025,32.4524333333333
110,131,86,60,22,33.31,16.31,10.3144897959184,30,12.4999999999999,82.245,35.5546
115,128,82,75,25,33.28,15.28,11.1240816326531,28,4.49999999999999,92.0850000000001,34.2099333333333
104,131,78,83,21,29.31,15.31,11.0644897959184,35,15.5,97.305,62.3357666666666
114,125,72,52,19,13.25,10.25,7.43367346938775,37,1.49999999999999,87.025,48.9789333333333
99,110,62,22,7,11.1,17.1,10.9816326530612,26,10.5,70.205,28.8274333333333
117,136,90,67,22,28.36,19.36,12.8818367346939,28,4.49999999999999,78.0850000000001,37.8026
103,110,64,36,11,12.1,2.09999999999997,3.48163265306122,33,1.49999999999999,89.025,57.1284333333334
114,121,68,37,9,3.20999999999997,-2.79000000000003,13.9297959183674,25,13.5,77.265,48.6256
112,141,88,105,28,40.41,28.41,10.6991836734694,34,12.4999999999999,104.245,62.6684333333333
110,125,72,46,14,1.24999999999997,-0.750000000000025,6.18367346938775,35,25.4999999999999,75.505,54.9239333333333
112,143,98,81,26,28.43,18.43,12.3261224489796,29,-4.50000000000001,90.9050000000001,59.0686
102,117,62,60,17,31.17,26.17,14.9259183673469,39,19.4999999999999,79.385,40.5904333333333
96,119,76,51,15,0.189999999999975,-14.81,12.0528571428571,27,7.49999999999999,81.145,37.6364333333333
112,141,94,72,22,19.41,11.41,10.6991836734694,28,4.49999999999999,78.085,54.0716
91,126,70,64,16,19.26,-9.74000000000003,7.24714285714286,22,0.499999999999989,88.005,37.7061
106,131,78,39,11,5.30999999999996,11.31,14.5644897959184,32,8.49999999999999,84.165,53.1801
119,144,88,80,18,31.44,11.44,14.6395918367347,35,15.5,109.305,77.7474333333333
102,127,84,69,19,-7.73000000000003,-0.730000000000036,10.560612244898,31,9.49999999999997,99.185,61.1384333333333
104,107,62,50,14,17.07,26.07,8.29122448979592,21,3.49999999999999,93.065,44.9211
91,116,74,56,18,-0.840000000000023,10.16,11.6124489795918,37,15.5,99.305,57.8667666666667
101,132,80,48,13,4.31999999999997,-0.680000000000028,13.1279591836735,33,19.4999999999999,91.385,61.3276
114,131,78,43,15,-12.69,-5.69000000000003,6.81448979591837,30,-13.5,97.725,61.1611
106,133,76,84,24,5.32999999999997,-7.67000000000003,6.94142857142857,32,2.49999999999999,86.045,39.5614333333333
112,109,54,28,8,17.09,10.09,9.91816326530612,32,18.4999999999999,90.365,46.1349333333333
100,111,70,63,21,10.11,5.10999999999998,9.04510204081633,35,11.5,79.225,41.4041
98,123,72,68,21,5.22999999999997,2.22999999999997,10.8067346938776,29,7.49999999999999,83.145,50.8979333333333
107,104,62,46,14,34.04,30.04,9.60081632653061,32,12.5,90.245,48.6929333333333
109,114,66,40,12,17.14,17.14,8.23551020408163,28,-5.50000000000001,83.885,32.8681
118,133,84,99,31,35.3299999999999,38.33,11.4414285714286,37,11.5,105.225,66.9976
112,141,82,72,19,-5.59000000000003,-1.59000000000003,12.6991836734694,30,14.5,68.285,32.2549333333333
111,140,84,79,23,18.4,5.39999999999997,9.63571428571429,27,5.49999999999999,81.105,33.8642666666667
101,128,86,79,23,37.28,32.28,11.3740816326531,30,6.49999999999999,84.125,47.0937666666667
109,128,68,49,16,2.27999999999997,2.27999999999998,15.6240816326531,30,0.499999999999989,116.005,69.2369333333333
84,121,70,59,20,25.21,16.21,13.6797959183674,29,15.5,87.305,56.5386
100,105,66,42,13,23.05,22.05,10.1642857142857,29,5.49999999999999,91.105,45.4297666666667
94,109,60,25,8,12.09,-7.91000000000002,10.6681632653061,23,7.49999999999999,87.145,57.4029333333333
97,130,74,45,14,10.3,3.29999999999998,10.5010204081633,33,-2.50000000000001,100.945,56.9352666666667
95,132,92,62,20,9.31999999999997,-1.68000000000003,12.1279591836735,25,-2.50000000000001,86.945,48.8594333333333
88,125,70,46,14,19.25,25.25,11.1836734693878,25,-0.500000000000011,82.985,35.0397666666667
109,132,80,86,29,-0.680000000000028,-3.68000000000003,10.6279591836735,33,-2.50000000000001,108.945,48.3926
113,136,84,77,21,19.36,19.36,8.13183673469388,36,14.4999999999999,100.285,51.8731
113,118,68,61,16,15.18,27.18,11.489387755102,24,0.499999999999989,104.005,45.9689333333333
118,133,76,66,24,24.33,-0.67000000000003,9.44142857142857,27,3.49999999999999,79.0650000000001,39.3726
122,149,90,100,32,21.49,20.49,15.9569387755102,36,8.49999999999995,94.165,54.7046
88,131,92,71,21,-1.69000000000003,-5.69000000000003,7.06448979591836,38,16.5,86.325,59.9687666666667
88,121,74,70,22,31.21,14.21,9.17979591836735,32,12.5,98.245,59.7849333333333
108,143,92,103,31,26.4299999999999,13.4299999999999,11.0761224489796,36,20.5,102.405,61.5271
109,114,58,34,12,6.13999999999998,-8.86000000000002,7.48551020408163,35,3.49999999999999,77.0650000000001,34.3671
86,135,90,61,19,11.35,8.34999999999998,8.06836734693877,25,-0.500000000000011,74.985,48.8232666666667
88,127,80,67,20,19.27,1.26999999999997,10.810612244898,31,3.49999999999999,85.065,50.4161
109,142,102,95,28,38.42,24.42,13.0126530612245,29,9.49999999999999,81.185,49.9509333333333
93,110,66,46,16,13.1,2.09999999999998,9.23163265306122,39,13.5,119.265,74.4864333333333
93,160,108,117,37,1.59999999999996,5.59999999999997,14.6551020408163,34,10.5,110.205,69.7889333333333
90,129,80,68,21,24.29,8.28999999999997,10.9375510204082,36,-1.50000000000001,75.965,46.4457666666667
111,106,68,42,13,4.05999999999998,-3.94000000000002,8.72775510204082,33,-12.5,92.745,33.1989333333333
109,126,74,58,17,18.26,-1.74000000000003,11.9971428571429,31,1.49999999999999,91.025,49.2751
118,127,68,53,16,21.27,12.27,12.060612244898,27,15.5,81.305,50.3987666666667
103,130,76,50,15,10.3,11.3,11.5010204081633,41,15.5,123.305,77.3216
102,109,56,42,12,41.09,32.09,10.4181632653061,30,4.49999999999999,96.085,63.7617666666667
113,140,90,56,14,28.4,12.4,14.8857142857143,33,5.49999999999999,99.105,37.7402666666667
89,120,70,67,21,16.2,11.2,9.36632653061225,25,3.49999999999999,81.065,46.3424333333333
102,131,74,75,20,14.31,37.31,11.3144897959184,32,2.49999999999999,78.0450000000001,49.8759333333334
124,139,84,79,21,15.39,17.39,12.5722448979592,26,4.49999999999999,96.085,54.3049333333334
120,121,66,30,8,-13.79,-21.79,10.4297959183674,35,7.49999999999996,89.145,43.2326
101,112,54,38,14,17.12,6.11999999999998,8.85857142857143,32,10.5,94.205,45.8051
113,134,68,63,19,15.34,10.34,7.75489795918367,37,17.4999999999999,95.345,46.7624333333333
111,126,76,48,9,43.26,38.26,11.2471428571429,27,17.4999999999999,93.345,44.8524333333333
116,133,74,41,10,-24.67,-7.67000000000003,7.94142857142857,34,-15.5,79.685,30.2294333333333
114,135,78,68,21,29.35,24.35,6.56836734693878,37,1.49999999999999,77.025,42.0122666666667
108,139,98,110,34,31.39,34.39,19.3222448979592,33,13.5,113.265,67.7382666666667
106,121,76,81,23,6.20999999999997,-1.79000000000003,12.4297959183674,27,9.49999999999999,89.185,58.6909333333333
97,118,74,76,22,27.18,16.18,15.7393877551021,32,8.49999999999998,102.165,45.9231
102,113,78,46,16,22.13,18.13,11.4220408163265,44,14.5,104.285,69.2352666666667
125,124,60,61,20,33.24,12.24,8.12020408163265,35,7.49999999999999,97.145,62.2489333333333
104,125,80,50,15,1.24999999999997,-0.750000000000023,8.68367346938775,30,4.49999999999999,96.085,61.5631
117,138,78,51,17,42.38,23.38,10.5087755102041,34,16.5,88.325,45.4694333333333
98,131,82,99,30,55.3099999999999,38.3099999999999,8.81448979591837,31,1.49999999999999,105.025,62.9851
116,121,82,49,14,8.20999999999998,3.20999999999997,10.1797959183674,34,16.4999999999999,92.325,50.4666
120,115,68,34,9,10.15,12.15,13.0489795918367,20,0.499999999999989,80.0050000000001,40.1772666666667
112,117,78,33,9,-6.83000000000002,-24.83,13.6759183673469,36,0.499999999999989,100.005,41.4499333333333
95,134,88,61,18,19.34,18.34,12.2548979591837,20,2.49999999999999,98.045,56.1154333333333
105,136,82,83,24,33.36,25.36,10.1318367346939,36,12.5,60.245,32.0366
119,140,84,73,19,40.4,36.4,11.8857142857143,39,19.4999999999999,101.385,62.8354333333333
107,122,74,49,16,6.21999999999997,8.21999999999997,8.74326530612246,40,24.5,92.485,52.3036
102,117,70,44,13,6.16999999999998,8.16999999999998,5.17591836734694,25,-0.500000000000011,70.985,33.2444333333333
123,146,86,99,31,31.46,6.45999999999997,8.5165306122449,29,9.49999999999999,89.1850000000001,50.0081
99,126,78,68,22,18.26,6.25999999999997,7.99714285714286,38,26.4999999999999,90.525,70.1856
108,121,66,66,18,4.20999999999997,9.20999999999996,8.17979591836735,28,4.49999999999999,80.085,46.0684333333333
100,111,64,54,15,20.11,15.11,6.04510204081632,31,11.5,75.225,53.2737666666667
114,119,76,52,17,23.19,18.19,9.05285714285714,39,3.49999999999999,79.065,42.9089333333333
94,97,56,37,11,26.97,15.97,12.1565306122449,29,-0.500000000000011,106.985,65.3482666666667
113,106,60,41,10,2.05999999999998,-11.94,6.22775510204082,34,-3.50000000000001,93.9250000000001,55.8391
98,131,86,60,18,-2.69000000000003,6.30999999999998,10.8144897959184,31,5.49999999999999,103.105,74.2591
112,115,64,49,12,21.15,13.15,12.0489795918367,30,4.49999999999999,84.085,40.6882666666667
110,123,80,54,18,24.23,12.23,10.0567346938776,30,10.4999999999999,86.205,39.3109333333333
115,140,84,82,22,24.4,18.4,14.8857142857143,26,6.49999999999999,90.1250000000001,62.7549333333333
99,142,98,65,20,-2.58000000000003,-6.58000000000003,12.0126530612245,17,-8.50000000000001,84.825,40.5349333333333
113,122,66,55,17,2.21999999999997,-3.78000000000002,5.24326530612245,25,-8.50000000000001,88.825,50.4252666666667
93,120,76,46,11,23.2,3.19999999999997,11.1163265306123,24,-13.5,95.725,54.1117666666667
99,112,58,41,12,4.11999999999997,-3.88000000000002,10.1085714285714,35,19.4999999999999,89.385,64.1261
118,141,86,69,20,27.41,16.41,14.9491836734694,29,3.49999999999999,93.0650000000001,68.5054333333333
132,149,94,100,32,15.49,8.48999999999997,10.9569387755102,33,17.4999999999999,91.345,41.5444333333333
83,124,82,53,17,15.24,11.24,11.8702040816327,38,8.49999999999999,74.165,47.6911
99,116,72,53,15,30.16,14.16,10.3624489795918,23,-0.500000000000011,80.985,48.9521
116,127,74,51,17,35.2699999999999,23.27,9.81061224489796,29,15.5,93.305,47.2221
104,115,64,73,22,45.15,12.15,7.29897959183674,34,6.49999999999999,78.125,52.1499333333333
98,133,80,60,15,13.33,12.33,8.94142857142857,24,-17.5,91.645,50.2269333333333
101,142,82,84,26,13.42,19.42,11.5126530612245,34,2.49999999999999,102.045,66.8387666666667
97,140,92,72,25,9.39999999999996,-5.60000000000004,11.1357142857143,37,9.49999999999998,83.185,60.7401
114,125,78,56,16,19.25,13.25,11.6836734693878,25,-8.50000000000001,90.825,52.5477666666667
99,138,90,94,30,37.38,25.38,11.7587755102041,33,7.49999999999998,103.145,71.0751
96,119,82,81,25,22.19,8.18999999999998,12.8028571428571,28,0.499999999999989,100.005,65.4617666666667
111,140,82,83,25,7.39999999999997,6.39999999999997,14.1357142857143,17,-6.50000000000001,88.865,37.1627666666667
93,112,72,54,15,26.12,16.12,9.10857142857143,23,9.49999999999999,77.185,40.4277666666667
109,118,68,50,15,4.17999999999997,3.17999999999997,10.739387755102,29,3.49999999999999,83.065,29.3029333333333
105,104,54,22,6,-0.960000000000022,4.03999999999998,7.85081632653062,37,9.49999999999999,85.185,42.9094333333333
110,131,74,53,14,-4.69000000000003,10.31,7.81448979591836,29,3.49999999999999,79.065,34.7834333333333
90,125,84,58,19,19.25,17.25,8.68367346938775,33,17.4999999999999,83.345,45.9707666666667
78,121,78,62,22,-4.79000000000002,-0.790000000000026,12.9297959183674,32,-15.5,105.685,56.9671
113,118,60,56,14,27.18,16.18,9.73938775510204,27,-6.50000000000001,78.8650000000001,55.6721
111,86,38,15,3,28.86,30.86,6.45836734693878,33,7.49999999999999,83.145,50.6907666666667
110,141,78,63,16,32.41,18.41,9.19918367346939,30,2.49999999999999,78.0450000000001,35.8794333333333
120,129,74,61,19,20.29,31.29,12.6875510204082,31,19.5,63.385,35.9284333333333
97,128,80,61,17,23.28,7.27999999999995,11.1240816326531,31,5.49999999999999,95.105,47.8071
108,121,74,48,16,21.21,20.21,9.17979591836735,33,7.49999999999999,81.145,54.4946
116,117,74,49,17,21.17,19.17,10.6759183673469,26,8.49999999999999,100.165,51.1992666666667
110,133,82,49,17,24.33,15.33,12.9414285714286,28,8.49999999999997,86.165,49.2842666666667
92,129,78,70,22,10.29,10.29,11.4375510204082,31,-0.500000000000011,88.985,38.3474333333333
110,123,80,48,12,21.23,29.23,10.5567346938776,33,3.49999999999999,91.065,47.9184333333333
95,114,64,56,18,13.14,18.14,9.98551020408163,31,1.49999999999999,107.025,53.1631
122,109,54,34,11,12.09,13.09,9.41816326530612,28,2.49999999999999,60.045,39.3076
91,122,76,45,14,7.21999999999997,21.22,6.24326530612244,32,-1.50000000000001,81.965,47.6189333333333
92,123,80,52,17,7.22999999999997,1.22999999999998,11.0567346938776,29,3.49999999999999,81.065,41.6409333333333
97,122,78,58,17,24.22,7.21999999999997,11.9932653061225,31,9.49999999999999,81.185,33.7691
102,105,68,59,20,-5.95000000000002,1.04999999999998,11.1642857142857,28,-5.50000000000001,91.885,45.7184333333333
103,108,62,36,11,21.08,7.07999999999998,13.854693877551,29,-8.50000000000001,94.825,64.5542666666667
121,150,94,144,46,11.5,21.5,10.5204081632653,46,16.5,102.325,59.7619333333333
85,122,76,52,14,26.22,5.21999999999997,6.99326530612245,36,6.49999999999999,90.125,51.3361
111,136,84,78,22,39.36,18.36,9.38183673469387,31,11.5,81.225,39.9612666666667
109,124,76,70,20,30.24,29.24,10.1202040816327,40,20.5,106.405,78.2784333333333
109,130,82,62,19,10.3,9.29999999999998,11.0010204081633,22,-11.5,95.765,47.0216
121,148,78,76,21,4.47999999999996,-22.52,7.6434693877551,40,14.5,74.2850000000001,33.9471
96,139,78,82,24,23.39,28.39,13.3222448979592,30,10.5,100.205,61.2331
109,120,64,34,12,5.19999999999998,0.199999999999978,11.3663265306122,32,-3.50000000000001,83.9250000000001,36.7837666666667
106,123,80,41,14,10.23,4.22999999999997,10.5567346938776,34,16.5,92.325,56.6796
102,133,72,100,32,1.32999999999997,15.33,13.6914285714286,35,17.4999999999999,79.345,32.1661
102,127,80,81,24,11.27,-4.73000000000003,11.310612244898,37,11.5,95.225,64.0834333333333
98,139,80,76,23,13.39,15.39,12.0722448979592,37,13.4999999999999,97.265,55.1147666666667
117,124,72,77,23,17.24,3.23999999999998,12.3702040816327,30,2.49999999999999,82.045,48.1171
89,104,64,57,18,9.03999999999998,1.03999999999998,11.1008163265306,33,-4.50000000000001,90.905,53.1762666666667
105,118,72,35,12,7.17999999999998,3.17999999999998,9.98938775510204,26,-1.50000000000001,95.965,59.3524333333333
92,143,96,87,27,14.43,5.42999999999997,12.5761224489796,28,14.4999999999999,86.285,43.4326
112,139,90,81,25,10.39,4.38999999999997,12.5722448979592,26,12.5,80.245,56.1151
112,123,74,59,18,19.23,16.23,12.8067346938776,23,-4.50000000000001,86.905,51.3952666666667
110,133,84,76,24,21.33,5.32999999999997,8.69142857142857,30,12.5,84.245,49.2099333333333
103,118,66,39,14,7.17999999999997,9.17999999999997,9.98938775510205,29,3.49999999999999,99.065,53.2891
116,143,84,60,17,2.42999999999996,0.429999999999962,14.8261224489796,23,1.49999999999999,75.025,33.9487666666667
116,119,74,47,15,3.18999999999997,-14.81,9.30285714285715,26,-5.50000000000001,81.8850000000001,40.1307666666667
90,129,76,74,22,9.28999999999996,13.29,5.43755102040816,27,3.49999999999999,85.0650000000001,54.8559333333333
102,135,94,103,34,-0.650000000000027,2.34999999999997,10.5683673469388,29,-0.500000000000011,98.985,54.8566
116,145,94,106,37,35.45,23.45,11.4530612244898,32,8.49999999999999,86.1650000000001,55.3684333333334
116,127,82,63,17,28.27,19.27,10.060612244898,35,5.49999999999999,77.105,29.3761
116,123,70,58,17,3.22999999999997,1.22999999999997,8.05673469387755,30,-1.50000000000001,89.965,48.0677666666667
105,122,70,48,14,27.22,11.22,5.24326530612245,37,17.4999999999999,83.345,62.4869333333333
97,108,68,52,15,33.08,23.08,11.354693877551,25,9.49999999999998,95.185,39.1621
134,139,80,83,28,14.39,29.39,15.8222448979592,26,14.5,100.285,67.7141
115,124,80,74,23,6.23999999999997,29.24,12.6202040816327,32,4.49999999999999,94.085,51.6151
100,115,68,48,13,2.14999999999998,10.15,8.04897959183673,33,11.4999999999999,99.225,65.7157666666667
115,120,64,40,14,32.2,5.19999999999997,9.36632653061225,26,2.49999999999999,92.045,59.9599333333333
90,119,68,54,14,25.19,21.19,14.3028571428572,31,-0.500000000000011,112.985,64.4297666666667
109,128,66,62,14,13.28,7.27999999999998,12.6240816326531,36,4.49999999999999,100.085,53.4002666666667
106,123,80,84,26,26.23,22.23,13.5567346938776,32,2.49999999999999,108.045,60.7304333333333
109,122,76,47,12,19.22,14.22,5.49326530612245,32,16.5,94.325,64.6557666666667
122,123,72,54,12,9.22999999999998,13.23,9.55673469387755,25,-4.50000000000001,84.9050000000001,37.4467666666667
104,113,64,39,11,1.12999999999998,-6.87000000000002,10.9220408163265,27,9.49999999999999,91.185,51.9261
99,120,74,47,14,9.19999999999997,6.19999999999998,10.3663265306122,25,5.49999999999999,73.105,46.3679333333333
97,122,78,64,17,20.22,9.21999999999997,10.4932653061225,27,-4.50000000000001,78.9050000000001,44.8887666666667
97,136,86,83,27,27.36,19.36,5.63183673469388,31,-2.50000000000001,94.9450000000001,47.4656
114,131,76,92,29,50.31,29.31,10.3144897959184,28,-5.50000000000001,77.885,46.1774333333333
98,115,70,48,16,42.15,18.15,10.0489795918367,32,16.5,94.325,56.6356
106,129,76,37,11,15.29,15.29,7.93755102040817,33,1.49999999999999,97.025,46.1374333333333
102,123,72,59,19,-10.77,-12.77,12.0567346938776,28,6.49999999999999,88.125,57.5646
107,146,88,85,26,1.45999999999997,2.45999999999997,12.0165306122449,29,1.49999999999999,71.0250000000001,35.3217666666667
115,126,76,50,16,35.26,33.26,9.99714285714286,31,9.49999999999998,75.185,37.5346
114,125,66,68,18,23.25,28.25,10.4336734693878,29,9.49999999999999,89.185,44.7587666666667
129,154,90,86,26,21.54,18.54,14.5242857142857,28,2.49999999999999,108.045,51.7907666666667
99,106,52,40,8,12.06,-1.94000000000002,11.7277551020408,24,0.499999999999989,84.005,36.6026
106,109,60,50,17,6.08999999999998,1.08999999999998,5.91816326530612,42,18.4999999999999,96.365,73.7599333333333
105,110,60,47,15,8.09999999999998,7.09999999999998,11.7316326530612,29,-2.50000000000001,94.945,44.4034333333333
102,139,86,60,19,21.39,20.39,12.8222448979592,35,11.5,105.225,65.5112666666667
91,122,70,40,12,9.21999999999998,5.21999999999997,9.24326530612245,34,16.4999999999999,88.325,56.7706
109,132,76,48,17,3.31999999999997,-0.680000000000028,6.87795918367347,36,10.5,88.205,50.5822666666667
88,133,76,48,11,27.33,6.32999999999998,6.94142857142857,29,15.4999999999999,67.305,40.0792666666667
120,111,62,19,5,23.11,7.10999999999998,12.7951020408163,32,4.49999999999999,96.0850000000001,36.2096
103,132,86,53,17,6.31999999999997,-11.68,13.3779591836735,32,4.49999999999999,78.085,47.1152666666667
107,106,72,44,12,-1.94000000000002,4.05999999999998,9.72775510204082,34,-3.50000000000001,89.925,53.6366
104,139,78,107,32,38.39,25.39,11.8222448979592,26,8.49999999999999,82.165,44.0631
106,121,72,38,11,21.21,7.20999999999997,5.92979591836735,27,3.49999999999999,73.0650000000001,26.1602666666667
110,115,60,40,9,13.15,13.15,6.04897959183673,29,11.5,85.225,52.8889333333333
108,125,74,53,15,12.25,0.249999999999973,10.1836734693878,35,-0.500000000000011,106.985,72.9754333333333
108,133,86,65,20,23.33,-7.67000000000003,11.9414285714286,36,20.4999999999999,108.405,75.8394333333333
113,144,74,82,25,27.44,4.43999999999997,5.38959183673469,39,9.49999999999999,97.185,50.1687666666667
100,123,68,60,18,2.22999999999997,-8.77000000000003,10.3067346938776,29,9.49999999999999,107.185,61.2187666666667
113,130,72,53,16,25.3,21.3,11.7510204081633,31,-6.50000000000001,90.865,43.9094333333333
101,108,66,21,5,6.07999999999998,3.07999999999998,10.104693877551,32,6.49999999999999,82.125,41.4751
108,127,74,48,16,15.27,17.27,12.310612244898,31,3.49999999999999,91.065,51.1376
91,130,76,89,25,9.29999999999997,14.3,9.50102040816327,29,-4.50000000000001,84.905,52.6931
98,133,80,64,18,0.32999999999997,4.32999999999997,11.1914285714286,29,-0.500000000000011,76.985,42.4144333333333
98,125,78,60,18,18.25,16.25,10.6836734693878,26,0.499999999999989,96.005,50.5966
105,134,82,92,27,12.34,-3.66000000000003,10.0048979591837,25,7.49999999999999,91.145,49.3576
99,126,68,44,11,12.26,11.26,7.74714285714286,31,7.49999999999999,91.145,51.4731
110,141,94,58,18,22.41,26.41,11.1991836734694,25,9.49999999999999,85.185,50.7309333333333
106,111,64,42,12,16.11,8.10999999999997,8.79510204081633,33,1.49999999999999,95.025,68.1696
106,115,68,44,17,13.15,24.15,10.7989795918367,28,4.49999999999999,64.085,35.2007666666667
100,103,60,36,11,19.03,2.02999999999998,8.53734693877551,31,13.5,91.265,49.4614333333333
101,108,62,43,13,23.08,-2.92000000000002,9.85469387755102,37,5.49999999999999,77.105,27.1886
112,115,70,51,17,22.15,29.15,12.7989795918367,31,5.49999999999999,89.105,43.6942666666667
90,113,60,46,14,13.13,6.12999999999999,6.67204081632653,33,1.49999999999999,79.025,41.1492666666667
106,111,64,43,13,11.11,22.11,12.0451020408163,29,11.5,69.225,26.0689333333333
97,124,62,51,15,28.24,-1.76000000000003,11.3702040816327,28,0.499999999999989,84.0050000000001,41.4676
111,128,88,59,17,17.28,23.28,10.6240816326531,25,15.5,83.305,45.9231
104,129,82,69,22,5.28999999999997,16.29,14.6875510204082,28,-3.50000000000001,69.925,26.3149333333333
116,135,84,74,23,20.35,22.35,12.8183673469388,30,6.49999999999999,98.125,46.7834333333333
118,157,94,107,31,-12.43,1.56999999999996,6.21469387755102,35,3.49999999999999,83.065,48.0582666666667
106,129,76,82,20,4.28999999999997,5.28999999999996,10.1875510204082,28,8.49999999999999,88.165,60.1597666666667
103,124,74,38,11,-3.76000000000003,0.23999999999997,10.3702040816327,26,4.49999999999999,78.085,50.8861
113,134,82,49,16,12.34,23.34,12.2548979591837,35,7.49999999999999,93.1450000000001,50.2146
104,121,68,44,15,21.21,9.20999999999997,9.42979591836735,29,15.5,97.305,58.4914333333333
115,136,82,88,27,20.36,15.36,17.8818367346939,23,5.49999999999999,83.105,43.1909333333333
118,117,60,39,10,10.17,-18.83,10.4259183673469,33,9.49999999999997,109.185,59.8634333333334
120,129,68,85,22,52.29,40.29,15.9375510204082,27,-2.50000000000001,88.945,49.7466
103,112,60,38,10,20.12,6.11999999999997,10.6085714285714,31,7.49999999999999,87.145,47.6897666666667
101,110,58,44,15,17.1,16.1,10.7316326530612,31,1.49999999999999,101.025,57.1747666666667
104,127,80,46,12,15.27,-6.73000000000003,9.81061224489796,36,8.49999999999999,100.165,46.3177666666667
107,130,78,68,21,22.3,10.3,13.2510204081633,28,-1.50000000000001,93.9650000000001,48.0141
110,121,74,51,17,19.21,24.21,15.6797959183674,24,6.49999999999999,100.125,52.9032666666667
92,129,76,51,16,-17.71,-2.71000000000003,11.1875510204082,40,24.4999999999999,112.485,87.9836
101,130,90,89,26,1.29999999999997,-12.7,10.2510204081633,30,6.49999999999999,96.1250000000001,44.0156
131,138,78,60,18,5.37999999999997,-4.62000000000003,9.25877551020409,38,10.5,90.205,35.7572666666667
92,123,82,80,24,18.23,3.22999999999997,13.3067346938776,31,-8.50000000000001,94.825,40.1371
96,111,74,53,17,8.10999999999998,-1.89000000000002,12.2951020408163,27,7.49999999999999,105.145,58.2819333333333
123,116,64,22,7,-4.84000000000002,-18.84,5.86244897959184,36,2.49999999999999,78.045,37.6354333333333
106,133,72,84,26,13.33,16.33,9.94142857142857,32,14.5,76.2850000000001,40.3336
91,114,66,40,12,20.14,21.14,8.98551020408164,31,3.49999999999999,93.065,54.2764333333333
87,122,74,69,23,7.21999999999997,17.22,11.2432653061225,37,13.5,115.265,70.5986
102,123,82,82,26,15.23,15.23,10.5567346938776,23,5.49999999999999,75.105,32.6066
94,125,76,69,19,16.25,9.24999999999997,11.9336734693878,34,8.49999999999999,106.165,78.7736
95,126,80,63,17,16.26,22.26,13.9971428571429,27,11.5,97.225,60.9822666666667
98,117,70,44,12,5.16999999999997,-4.83000000000002,4.17591836734694,41,29.4999999999999,91.585,52.3321
108,113,68,46,16,24.13,19.13,10.1720408163265,29,9.49999999999999,91.185,56.3976
100,115,70,76,21,8.14999999999997,2.14999999999997,11.0489795918367,24,4.49999999999999,88.085,42.9177666666667
117,128,82,61,17,21.28,3.27999999999997,12.1240816326531,32,20.4999999999999,82.405,58.4981
99,108,64,47,13,8.07999999999998,0.079999999999977,5.85469387755102,36,20.4999999999999,72.405,47.6571
113,140,84,65,20,17.4,14.4,10.6357142857143,28,2.49999999999999,96.045,50.7961
105,128,68,68,14,16.28,1.27999999999997,8.87408163265307,35,17.5,87.345,53.3559333333334
114,147,100,89,28,32.47,29.4699999999999,8.83,28,14.5,80.285,43.1631
101,120,72,63,20,22.2,23.2,9.86632653061225,22,2.49999999999999,74.045,44.8141
119,136,76,57,17,36.3599999999999,22.36,16.6318367346939,28,8.49999999999999,100.165,63.3629333333333
100,125,80,53,15,16.25,8.24999999999997,8.18367346938776,27,-2.50000000000001,76.945,45.1524333333333
114,123,70,68,17,14.23,20.2299999999999,9.55673469387755,29,15.4999999999999,87.305,46.1549333333333
103,118,72,65,19,28.18,20.18,10.489387755102,35,13.5,91.265,49.8042666666667
101,128,84,73,23,13.28,8.27999999999997,11.3740816326531,26,6.49999999999999,80.125,33.8297666666667
102,111,60,40,12,5.10999999999997,-11.89,12.5451020408163,21,-2.50000000000001,98.945,51.9707666666667
106,145,86,89,27,2.44999999999997,-4.55000000000003,12.7030612244898,28,8.49999999999999,88.165,46.3211
113,114,62,44,16,13.14,12.14,7.98551020408163,27,5.49999999999999,89.105,52.9394333333333
109,132,70,67,18,15.32,-12.68,9.87795918367347,26,12.5,86.245,45.4937666666667
104,113,52,44,11,6.12999999999997,-6.87000000000003,11.6720408163265,33,-4.50000000000001,92.905,51.8396
91,110,64,45,16,32.1,20.1,10.4816326530612,31,9.49999999999996,103.185,66.4892666666667
107,132,82,64,18,5.31999999999997,0.319999999999967,13.1279591836735,32,8.49999999999999,100.165,51.4244333333333
113,138,82,77,20,21.38,9.37999999999997,14.2587755102041,23,3.49999999999999,91.065,55.5419333333333
92,125,78,67,21,0.249999999999977,-4.75000000000002,10.9336734693878,30,-1.50000000000001,85.9650000000001,38.1919333333333
103,114,58,42,13,24.14,13.14,8.98551020408163,29,1.49999999999999,79.025,43.0309333333334
107,122,68,55,15,9.21999999999997,7.21999999999998,8.24326530612245,22,-3.50000000000001,97.925,56.2439333333334
102,135,78,74,21,26.35,10.35,15.8183673469388,28,14.5,92.285,37.9766
108,153,100,109,33,39.53,36.53,14.2108163265306,33,15.5,85.305,46.7421
109,126,74,67,15,32.26,19.26,10.7471428571429,37,19.4999999999999,111.385,76.3617666666667
99,112,70,46,14,8.11999999999998,10.12,9.10857142857143,34,-9.50000000000001,75.805,41.2222666666667
113,124,70,65,18,13.24,0.239999999999977,7.62020408163265,33,17.4999999999999,87.345,49.5429333333333
106,121,82,58,18,21.21,5.20999999999997,9.92979591836735,34,0.499999999999989,100.005,54.6467666666667
97,122,74,53,14,6.21999999999997,3.21999999999998,9.99326530612245,30,2.49999999999999,78.045,44.2034333333333
110,117,66,61,19,2.16999999999998,7.16999999999996,6.42591836734694,28,4.49999999999999,78.085,45.6062666666667
116,121,64,48,12,18.21,3.20999999999998,10.1797959183674,34,4.49999999999999,82.085,51.6629333333333
118,121,62,65,20,14.21,13.21,12.6797959183674,28,0.499999999999989,88.005,39.1294333333333
113,134,74,73,23,6.33999999999997,14.34,11.0048979591837,24,8.49999999999999,86.165,39.8016
115,112,66,31,9,23.12,31.12,8.60857142857143,29,3.49999999999999,69.065,15.9054333333333
107,126,70,77,24,28.26,3.25999999999997,9.24714285714286,32,14.5,94.285,52.8529333333333
114,131,84,57,17,-8.69000000000003,-3.69000000000003,11.8144897959184,29,-0.500000000000011,80.985,34.7306
111,118,74,54,18,7.17999999999997,13.18,9.98938775510204,24,12.4999999999999,88.245,56.7249333333333
103,130,72,57,15,25.3,20.3,9.00102040816327,28,2.49999999999999,72.045,33.2029333333333
103,132,76,28,8,1.31999999999997,-13.68,12.1279591836735,26,0.499999999999989,76.005,28.2112666666667
112,141,86,97,36,9.40999999999998,11.41,11.1991836734694,29,11.5,75.225,40.2104333333333
118,137,86,50,15,2.36999999999997,-18.63,9.69530612244898,32,4.49999999999999,84.085,51.7271
116,139,88,94,30,9.38999999999998,-2.61000000000002,9.57224489795919,28,-9.50000000000001,77.805,45.4221
99,110,56,53,17,10.1,13.1,7.23163265306123,32,10.5,92.205,47.9649333333333
121,132,78,46,13,31.32,33.32,12.3779591836735,38,2.49999999999999,96.045,36.6627666666667
112,127,78,63,20,15.27,10.27,14.060612244898,35,11.5,89.225,51.0504333333333
100,111,70,27,8,26.11,20.11,10.7951020408163,29,9.49999999999999,87.185,43.7506
98,101,54,22,6,-4.99000000000002,-8.99000000000002,8.16040816326531,33,17.5,99.345,48.4584333333334
105,124,76,47,15,13.24,8.23999999999996,6.12020408163265,27,7.49999999999999,75.145,35.1296
120,125,64,48,17,2.24999999999997,5.24999999999997,9.93367346938776,35,19.4999999999999,75.385,45.0781
104,123,76,80,23,31.23,15.23,12.5567346938776,29,11.5,97.225,62.8351
106,139,78,67,20,18.39,2.38999999999996,12.0722448979592,32,-7.50000000000001,81.845,36.2609333333333
112,145,90,73,23,-2.55000000000003,-5.55000000000003,16.2030612244898,26,6.49999999999999,84.125,42.6487666666667
99,128,76,46,13,8.27999999999997,3.27999999999997,10.3740816326531,30,14.4999999999999,94.285,60.4937666666667
119,152,102,129,41,28.52,18.52,13.1473469387755,30,8.49999999999999,80.165,35.7794333333333
105,124,72,55,12,23.24,20.24,15.6202040816327,33,19.4999999999999,91.385,54.1576
106,123,72,62,15,29.23,0.229999999999972,6.30673469387755,38,14.5,76.285,39.7766
121,138,86,68,17,26.38,20.38,12.7587755102041,33,3.49999999999999,87.065,55.0911
100,117,76,41,13,13.17,26.17,12.9259183673469,26,2.49999999999999,98.045,55.1362666666667
108,127,78,64,16,29.2699999999999,28.27,12.060612244898,40,12.4999999999999,100.245,71.1451
105,122,80,57,19,30.22,22.22,13.7432653061225,35,17.4999999999999,103.345,53.0336
102,121,72,57,16,18.21,18.21,9.92979591836735,23,-2.50000000000001,86.945,57.0262666666667
99,116,72,42,12,8.15999999999998,10.16,12.3624489795918,37,1.49999999999999,79.0250000000001,50.6016
99,130,74,48,13,11.3,-0.700000000000028,11.7510204081633,31,3.49999999999999,103.065,64.7422666666667
109,122,70,37,11,18.22,3.21999999999998,12.9932653061225,22,2.49999999999999,90.045,47.5217666666667
99,132,88,78,23,16.32,3.31999999999997,14.1279591836735,28,10.5,82.205,50.2429333333333
101,126,84,60,20,15.26,12.26,14.7471428571429,24,6.49999999999998,80.125,47.0316
99,124,78,56,17,17.24,22.24,12.1202040816327,37,7.49999999999999,91.145,48.9381
100,121,64,41,9,4.20999999999997,3.20999999999997,5.67979591836735,32,2.49999999999999,84.045,49.4254333333333
105,126,70,63,20,30.26,7.25999999999997,9.24714285714286,34,10.5,120.205,57.9671
117,138,78,69,18,34.38,12.38,11.2587755102041,39,1.49999999999999,89.0250000000001,55.0191
105,126,76,71,20,2.25999999999997,10.26,7.99714285714286,31,7.49999999999999,79.145,38.3854333333333
94,109,64,45,15,7.08999999999997,19.09,8.66816326530612,35,3.49999999999999,97.065,45.3959333333333
108,145,94,127,39,8.44999999999997,10.45,10.9530612244898,26,0.499999999999989,80.005,43.2839333333334
104,131,84,73,22,-0.690000000000035,6.30999999999997,11.3144897959184,32,4.49999999999999,90.085,53.9297666666667
101,128,74,69,20,17.28,6.27999999999998,13.8740816326531,22,10.5,82.205,40.8589333333333
114,147,78,85,22,31.47,-0.530000000000033,9.58,26,10.5,80.2050000000001,46.2156
98,139,100,106,33,19.39,14.39,15.8222448979592,32,0.499999999999989,88.005,41.5641
92,131,78,58,17,5.30999999999997,2.30999999999997,14.3144897959184,27,-6.50000000000001,96.865,48.3917666666667
107,128,82,67,17,14.28,25.28,11.8740816326531,23,-0.500000000000011,68.985,20.7999333333333
96,141,100,123,37,25.41,23.41,10.1991836734694,31,-6.50000000000001,108.865,71.6356
89,132,82,57,17,20.32,11.32,8.62795918367347,45,25.4999999999999,117.505,61.8234333333333
121,120,68,45,14,29.2,27.2,14.6163265306122,26,4.49999999999999,88.085,44.0129333333333
91,116,72,55,15,19.16,20.16,11.6124489795918,30,6.49999999999999,86.125,47.6806
112,119,70,59,20,22.19,16.19,11.8028571428571,36,2.49999999999999,78.045,42.8426
104,111,56,25,10,15.11,15.11,6.29510204081632,31,1.49999999999999,91.025,57.3494333333333
103,144,88,69,20,9.43999999999997,2.43999999999997,10.3895918367347,36,18.4999999999999,80.365,45.8237666666667
111,134,82,68,18,18.34,20.34,8.00489795918367,35,-2.50000000000001,100.945,44.7797666666667
131,140,92,82,22,10.4,14.4,10.3857142857143,33,3.49999999999999,75.065,37.5279333333333
93,112,70,36,9,19.12,-4.88000000000002,7.60857142857143,32,4.49999999999999,96.085,52.1076
107,154,96,108,34,8.53999999999997,8.53999999999997,13.2742857142857,27,-0.500000000000011,92.985,57.4831
106,147,86,83,22,-1.53000000000003,8.46999999999996,7.08,25,1.49999999999999,75.0250000000001,43.0202666666667
133,140,76,79,22,15.4,17.4,10.8857142857143,37,17.5,93.345,57.3934333333333
106,129,88,59,19,-0.710000000000027,2.28999999999997,10.1875510204082,30,8.49999999999999,74.165,33.0589333333333
101,120,72,70,22,23.2,18.2,10.8663265306122,29,5.49999999999999,99.105,44.2162666666667
91,118,82,63,21,2.17999999999998,-2.82000000000002,13.239387755102,21,3.49999999999999,95.065,44.4796
102,123,72,59,18,20.23,27.23,5.80673469387755,39,13.5,103.265,70.5161
104,115,72,56,19,16.15,10.15,13.5489795918367,33,5.49999999999999,97.1050000000001,54.1757666666667
94,95,56,29,7,-2.05000000000002,6.94999999999998,3.02959183673469,35,-2.50000000000001,106.945,60.0989333333334
114,119,66,37,10,18.19,3.18999999999998,13.0528571428571,27,-4.50000000000001,88.905,54.0151
118,137,84,64,19,32.37,26.37,12.945306122449,29,7.49999999999999,99.1450000000001,50.5686
104,111,62,34,10,16.11,8.10999999999998,7.29510204081632,36,10.5,76.205,32.7469333333333
120,135,84,69,21,5.34999999999996,-6.65000000000003,12.3183673469388,30,14.5,82.285,54.9396
115,110,50,31,6,6.09999999999998,1.09999999999998,9.23163265306123,28,4.49999999999999,96.085,52.5169333333333
115,128,74,53,16,25.28,8.27999999999998,12.8740816326531,20,0.499999999999989,88.0050000000001,34.3466
129,116,66,75,23,17.16,11.16,11.8624489795918,29,11.5,79.225,44.2236
110,137,86,53,14,13.37,33.37,10.445306122449,21,1.49999999999999,83.025,43.0107666666667
105,128,70,45,15,-3.72000000000003,2.27999999999997,9.12408163265306,33,3.49999999999999,91.065,55.7299333333333
95,132,76,81,24,31.32,28.32,7.62795918367347,32,-1.50000000000001,75.965,30.8729333333333
110,129,70,80,26,27.29,21.29,8.93755102040816,41,19.5,105.385,62.2442666666666
113,104,48,57,17,13.04,15.04,7.60081632653061,34,-5.50000000000001,81.885,40.5519333333333
102,131,82,66,19,20.31,12.31,12.0644897959184,31,13.5,85.265,40.4522666666667
90,149,98,114,38,-7.51000000000003,-2.51000000000003,10.9569387755102,33,-4.50000000000001,86.905,42.3517666666667
124,155,94,113,37,-1.45000000000004,-10.45,11.8377551020408,34,-11.5,101.765,60.4759333333334
94,123,72,53,16,8.22999999999997,4.22999999999997,9.55673469387755,33,-2.50000000000001,72.9450000000001,43.3592666666667
93,120,70,59,19,24.2,18.2,5.61632653061224,34,12.5,92.245,62.3444333333333
106,145,88,90,26,25.45,5.44999999999996,12.9530612244898,29,19.5,73.385,42.1094333333333
113,120,68,37,12,32.2,21.2,10.3663265306122,38,8.49999999999997,110.165,61.5711
99,132,82,65,18,15.32,16.32,10.6279591836735,22,2.49999999999999,72.045,37.2144333333333
103,122,84,54,15,4.21999999999997,11.22,10.4932653061225,30,2.49999999999999,72.0450000000001,32.4926
120,149,100,74,22,21.49,-1.51000000000003,11.4569387755102,26,10.5,62.205,39.7854333333333
94,129,90,69,18,5.28999999999997,19.29,7.93755102040816,36,6.49999999999999,112.125,75.0779333333333
114,119,74,76,26,23.19,34.19,10.0528571428571,34,2.49999999999999,88.045,44.5951
109,132,78,85,25,19.32,9.31999999999997,9.87795918367347,31,-2.50000000000001,82.9450000000001,34.7936
117,148,90,88,24,44.48,20.48,13.3934693877551,32,10.5,92.205,55.0721
95,140,88,101,31,9.39999999999997,12.4,18.6357142857143,25,9.49999999999997,81.185,54.4344333333333
112,127,76,53,15,10.27,19.27,7.56061224489796,30,6.49999999999999,82.125,31.9084333333333
95,122,72,76,21,9.21999999999998,8.21999999999997,8.49326530612245,36,4.49999999999999,96.085,53.8881
111,140,86,75,22,6.39999999999997,-9.60000000000003,9.88571428571429,37,17.5,109.345,79.2392666666667
107,124,80,41,11,18.24,-2.76000000000003,12.6202040816327,31,5.49999999999999,89.105,54.0189333333333
126,131,76,57,17,15.31,7.30999999999997,7.56448979591837,27,5.49999999999999,69.105,39.6112666666667
106,117,66,38,10,1.16999999999998,23.17,8.17591836734694,28,10.5,76.2050000000001,46.3684333333333
101,134,76,67,19,-3.66000000000003,-5.66000000000003,8.50489795918367,36,8.49999999999999,102.165,54.3162666666667
98,125,78,89,27,18.25,16.25,14.1836734693878,27,1.49999999999999,89.025,47.7764333333333
105,126,76,75,21,23.26,6.25999999999997,9.74714285714286,35,5.49999999999999,87.105,48.9884333333333
118,135,88,91,28,0.349999999999971,4.34999999999996,6.81836734693878,37,5.49999999999999,101.105,61.0897666666667
100,127,76,47,16,25.27,20.27,7.56061224489796,29,11.5,69.225,41.2584333333333
109,132,90,114,36,14.32,14.32,11.3779591836735,31,13.5,79.265,46.6381
104,137,90,107,33,-8.63000000000003,-3.63000000000005,12.695306122449,32,10.5,104.205,51.0682666666667
110,109,66,59,15,27.09,23.09,12.1681632653061,34,8.49999999999999,72.165,40.0256
120,133,78,71,19,36.33,33.33,7.44142857142857,33,11.5,79.225,47.8591
112,141,86,92,29,21.41,17.41,14.1991836734694,32,8.49999999999999,102.165,54.0319333333333
116,113,64,60,15,34.13,19.13,9.67204081632654,29,13.5,73.265,44.2212666666667
104,139,88,73,23,17.39,9.38999999999997,9.07224489795919,33,9.49999999999999,89.1850000000001,56.3719333333333
119,154,96,89,26,-19.46,2.53999999999997,14.2742857142857,31,-12.5,96.745,39.8051
114,119,56,42,10,29.19,12.19,10.0528571428571,36,16.4999999999999,96.325,60.3106
101,114,58,54,14,34.14,10.14,8.73551020408163,34,6.49999999999999,86.125,45.4069333333333
108,137,86,70,23,25.37,3.36999999999997,13.445306122449,33,11.5,91.225,58.0536
106,119,72,45,15,-5.81000000000003,-3.81000000000003,7.30285714285714,31,-2.50000000000001,84.945,51.2289333333333
94,119,78,51,15,24.19,13.19,14.0528571428571,29,3.49999999999999,83.065,59.7159333333334
115,118,66,39,13,-4.82000000000003,-14.82,5.48938775510204,27,-10.5,82.785,39.4424333333333
113,146,90,94,32,8.45999999999997,4.45999999999997,9.7665306122449,35,13.5,95.265,57.8647666666667
110,133,80,70,20,13.33,-20.67,5.69142857142857,28,6.49999999999999,94.1250000000001,68.7426
90,111,66,46,12,6.10999999999998,-3.89000000000003,9.79510204081633,25,11.5,77.225,49.7561
113,112,68,27,8,5.11999999999998,15.12,10.6085714285714,23,7.49999999999999,83.145,47.1906
103,144,92,85,23,13.44,1.43999999999997,9.1395918367347,20,-3.50000000000001,89.925,51.1576
111,126,68,47,14,11.26,-3.74000000000003,9.24714285714286,31,-6.50000000000001,72.865,44.5541
120,153,96,96,32,-8.47000000000003,-2.47000000000004,13.4608163265306,30,8.49999999999999,78.165,31.2782666666667
117,136,88,113,34,24.36,21.36,7.88183673469388,38,6.49999999999999,130.125,61.7701
88,123,78,80,20,-5.77000000000003,-8.77000000000003,9.80673469387756,28,-9.50000000000001,89.805,50.2076
98,113,54,36,11,7.12999999999997,1.12999999999998,9.92204081632653,28,10.5,98.205,60.5057666666667
113,126,76,42,13,15.26,15.26,11.4971428571429,37,9.49999999999998,107.185,64.1857666666667
119,146,94,94,30,17.46,7.45999999999996,14.2665306122449,31,3.49999999999999,73.065,38.5272666666667
114,101,58,21,8,1.00999999999998,3.00999999999998,11.1604081632653,30,2.49999999999999,78.045,37.9656
110,119,62,64,17,38.19,24.19,10.3028571428571,26,6.49999999999999,86.1250000000001,38.7846
103,132,68,86,23,13.32,18.32,12.6279591836735,33,11.5,97.225,56.2051
116,155,98,107,36,-4.45000000000003,0.549999999999962,13.3377551020408,29,-2.50000000000001,80.9450000000001,45.7012666666667
108,129,72,54,17,25.29,5.28999999999998,6.93755102040816,32,10.5,80.205,42.6312666666667
91,112,74,55,19,28.12,36.12,11.1085714285714,27,-0.500000000000011,92.985,63.1087666666667
103,122,78,60,19,27.22,19.22,11.2432653061225,31,-0.500000000000011,102.985,69.0134333333333
120,131,92,65,23,27.31,30.31,11.3144897959184,37,21.4999999999999,105.425,55.4844333333333
111,116,68,39,13,21.16,7.15999999999998,10.3624489795918,34,4.49999999999999,110.085,46.5721
93,124,76,63,21,-14.76,-24.76,8.87020408163265,33,-4.50000000000001,94.905,57.1882666666667
108,129,76,48,11,4.28999999999997,2.28999999999997,15.4375510204082,31,3.49999999999999,87.065,40.3539333333333
101,114,68,81,27,41.14,27.14,8.73551020408163,31,7.49999999999999,101.145,68.6156
96,101,54,37,11,21.01,20.01,8.41040816326531,33,3.49999999999999,101.065,62.9764333333333
92,125,80,67,20,24.25,17.25,11.9336734693878,21,-0.500000000000011,82.985,44.8816
105,124,74,54,16,4.23999999999998,-8.76000000000003,10.1202040816327,31,-0.500000000000011,78.9850000000001,40.3166
92,133,84,67,17,18.33,13.33,10.9414285714286,34,10.5,98.205,63.1172666666667
115,122,70,45,12,10.22,13.22,8.99326530612245,36,-3.50000000000001,107.925,83.4989333333333
108,127,80,96,31,18.27,15.27,9.06061224489796,31,15.5,83.305,50.2729333333333
88,127,88,81,27,12.27,6.26999999999997,10.810612244898,34,6.49999999999999,94.125,51.3684333333333
108,123,64,59,12,9.22999999999998,-1.77000000000003,7.30673469387755,30,-3.50000000000001,83.9250000000001,44.1816
95,120,72,50,13,8.19999999999997,11.2,10.8663265306122,33,11.5,95.225,55.0656
114,131,72,72,17,27.31,25.31,9.56448979591837,31,-2.50000000000001,90.945,39.6554333333333
105,114,60,55,16,12.14,-0.860000000000023,10.4855102040816,27,5.49999999999999,87.105,43.4936
98,119,60,48,11,21.19,2.18999999999998,9.05285714285714,29,11.5,81.225,55.7617666666667
105,136,72,60,21,26.36,17.36,13.8818367346939,38,12.5,84.245,47.3224333333334
103,124,74,78,23,11.24,17.24,8.37020408163265,29,3.49999999999999,75.0650000000001,38.0057666666667
105,126,74,56,19,27.26,29.26,13.4971428571429,38,12.5,106.245,69.2634333333333
108,101,46,27,7,-0.990000000000022,-9.99000000000002,9.41040816326531,25,-8.50000000000001,86.825,35.8562666666667
104,119,66,56,20,4.18999999999998,4.18999999999998,6.80285714285714,27,3.49999999999999,89.065,43.0656
89,122,82,55,17,4.21999999999997,-1.78000000000003,7.74326530612245,28,-3.50000000000001,93.925,43.0576
93,124,80,89,27,6.23999999999997,11.24,9.12020408163265,23,-0.500000000000011,74.985,40.4149333333333
95,122,66,45,11,17.22,15.22,6.74326530612245,28,6.49999999999999,80.125,55.5602666666666
115,116,66,50,13,11.16,8.15999999999997,9.11244897959184,35,7.49999999999999,115.145,59.2552666666667
116,143,84,105,32,17.43,24.43,7.57612244897959,33,9.49999999999999,91.185,53.1029333333333
113,118,72,42,14,13.18,8.17999999999998,3.23938775510204,34,12.5,64.245,29.5639333333333
104,119,70,41,14,9.18999999999997,8.18999999999998,10.0528571428572,34,-3.50000000000001,73.925,41.3746
114,117,66,29,10,6.16999999999998,8.16999999999997,9.17591836734694,30,10.5,90.2050000000001,49.9109333333333
122,111,68,36,10,0.109999999999976,-8.89000000000002,12.5451020408163,27,-6.50000000000001,106.865,65.1179333333333
116,145,90,90,27,27.45,17.45,4.45306122448979,28,8.49999999999999,88.165,47.2416
111,132,76,67,19,39.32,25.32,11.8779591836735,37,15.4999999999999,87.305,45.6277666666667
106,119,64,43,14,12.19,5.18999999999997,8.05285714285714,28,6.49999999999999,78.1250000000001,50.9301
104,125,76,63,20,25.25,6.24999999999997,9.93367346938776,29,-0.500000000000011,94.985,53.8051
103,110,70,75,22,21.1,15.1,8.48163265306122,39,9.49999999999999,111.185,73.5989333333333
82,131,78,51,14,7.30999999999997,2.30999999999997,16.8144897959184,26,-5.50000000000001,91.885,60.3586
99,150,96,102,31,35.5,24.5,12.7704081632653,25,9.49999999999997,83.185,48.1622666666667
123,154,88,95,27,31.5399999999999,19.54,10.2742857142857,27,1.49999999999999,103.025,67.7489333333333
106,119,74,45,14,-2.81000000000003,-2.81000000000003,11.8028571428571,23,-2.50000000000001,76.9450000000001,33.7789333333333
119,134,82,43,10,5.33999999999997,-1.66000000000003,11.2548979591837,23,3.49999999999999,79.065,33.2136
113,148,94,103,31,20.48,15.48,12.6434693877551,42,6.49999999999999,92.125,44.7041
99,116,66,49,14,-3.84000000000002,3.15999999999998,6.61244897959183,32,8.49999999999997,100.165,67.9686
112,133,86,56,18,14.33,4.32999999999997,11.1914285714286,31,15.4999999999999,89.305,49.0856
85,126,80,59,17,3.25999999999997,3.25999999999997,12.4971428571429,30,-1.50000000000001,93.965,58.2972666666667
102,131,84,26,10,10.31,11.31,8.81448979591837,28,-3.50000000000001,87.925,52.5302666666667
103,128,74,74,22,31.28,14.28,11.3740816326531,35,-2.50000000000001,96.945,54.1997666666667
106,125,76,56,16,-1.75000000000003,0.249999999999973,6.68367346938775,22,-5.50000000000001,75.885,28.6446
113,128,78,51,16,17.28,12.28,8.37408163265306,29,-4.50000000000001,82.905,50.5287666666667
111,128,74,52,14,32.28,3.27999999999998,9.87408163265306,29,13.5,85.265,38.9052666666667
109,132,78,64,18,4.31999999999997,7.31999999999997,6.62795918367347,31,1.49999999999999,89.025,51.5162666666667
109,118,68,36,10,13.18,1.17999999999998,13.4893877551021,25,9.49999999999999,77.185,47.8716
116,129,82,70,21,14.29,14.29,11.4375510204082,38,18.5,98.365,60.5744333333333
94,127,88,73,22,18.27,18.27,11.810612244898,33,3.49999999999998,115.065,68.9991
100,121,80,68,21,25.21,14.21,10.1797959183674,32,8.49999999999999,86.165,59.9304333333333
118,141,84,70,22,26.41,18.41,12.1991836734694,26,0.499999999999989,82.0050000000001,56.8536
97,134,78,98,29,16.34,20.34,10.0048979591837,35,9.49999999999999,83.185,35.9994333333333
103,102,64,52,16,21.02,23.02,11.4738775510204,32,2.49999999999999,78.045,25.3567666666667
104,137,68,61,19,34.37,19.37,10.695306122449,33,3.49999999999999,85.065,44.1084333333333
110,135,78,69,22,22.35,9.34999999999997,8.06836734693877,41,13.5,89.265,54.0516
97,120,78,61,21,29.2,13.2,11.6163265306123,27,7.49999999999999,85.145,40.7629333333333
104,133,76,48,14,24.33,17.33,9.94142857142857,43,-0.500000000000011,90.985,63.8209333333334
105,138,82,62,16,37.38,8.37999999999996,10.5087755102041,30,12.5,102.245,71.0196
122,147,94,85,29,5.46999999999997,-2.53000000000003,13.08,21,-2.50000000000001,76.9450000000001,32.0466
115,114,62,87,26,24.14,29.14,8.98551020408163,25,-2.50000000000001,74.945,30.2262666666667
102,121,72,59,16,12.21,7.20999999999997,12.6797959183674,31,13.5,109.265,62.7741
104,123,70,61,17,14.23,8.22999999999997,10.5567346938776,29,11.5,85.225,47.0712666666667
92,123,76,43,13,9.22999999999997,10.23,11.3067346938776,27,-2.50000000000001,94.945,43.5139333333333
105,122,64,54,17,36.22,21.22,10.9932653061225,22,2.49999999999999,94.045,44.7626
87,118,70,36,9,21.18,8.17999999999999,7.23938775510204,33,-2.50000000000001,76.945,50.4367666666667
110,121,68,47,17,26.21,14.21,10.4297959183674,30,4.49999999999999,72.085,37.4996
106,131,72,54,12,24.31,8.30999999999996,8.06448979591837,31,3.49999999999999,91.065,38.6242666666667
110,117,64,49,12,6.16999999999998,1.16999999999997,15.4259183673469,34,20.4999999999999,86.405,48.8427666666667
114,119,82,82,25,22.19,23.19,12.0528571428571,25,-4.50000000000001,68.905,38.2547666666667
103,126,74,61,18,20.26,5.25999999999997,10.2471428571429,27,9.49999999999999,89.185,40.0034333333333
105,118,74,49,16,17.18,8.17999999999997,18.2393877551021,33,11.5,99.2250000000001,43.5064333333333
99,128,80,67,23,15.28,21.28,13.1240816326531,29,-0.500000000000011,104.985,62.6232666666667
101,104,64,34,10,12.04,13.04,8.85081632653062,31,9.49999999999999,81.185,48.4304333333333
107,140,86,74,20,8.39999999999997,3.39999999999998,11.1357142857143,32,-3.50000000000001,99.925,65.2237666666667
113,136,88,79,22,22.36,28.36,11.1318367346939,27,-0.500000000000011,82.9850000000001,47.4764333333333
105,140,90,91,27,36.4,22.4,11.8857142857143,33,1.49999999999999,107.025,70.7862666666667
98,139,84,98,29,2.38999999999997,-1.61000000000003,10.0722448979592,30,-3.50000000000001,75.925,40.3942666666667
110,121,76,76,25,9.20999999999998,22.21,11.1797959183673,25,1.49999999999999,69.025,48.0032666666667
110,125,78,59,19,23.25,15.25,10.1836734693878,26,6.49999999999999,98.125,52.2796
116,143,98,66,19,9.42999999999997,22.43,10.0761224489796,31,-2.50000000000001,86.9450000000001,51.0369333333333
108,143,92,87,26,14.43,12.43,8.32612244897959,23,11.5,93.225,49.6906
109,122,70,29,9,4.21999999999997,17.22,6.99326530612245,40,12.5,110.245,76.0101
113,112,64,36,12,14.12,12.12,9.10857142857143,28,4.49999999999999,92.0850000000001,58.0509333333333
125,156,86,104,29,34.56,11.56,11.1512244897959,34,14.5,68.285,36.3587666666667
113,134,74,88,27,3.33999999999997,-14.66,8.00489795918367,28,0.499999999999989,96.0050000000001,50.2861
93,114,78,46,13,15.14,13.14,9.73551020408163,35,13.5,103.265,62.0027666666667
106,133,78,62,22,17.33,24.33,8.94142857142857,33,7.49999999999999,83.145,32.0442666666667
106,133,80,82,26,35.33,24.33,10.4414285714286,37,11.5,105.225,74.2441
93,110,72,31,11,8.09999999999998,13.1,8.73163265306123,40,6.49999999999998,96.1250000000001,59.7177666666667
100,139,88,76,25,11.39,-1.61000000000003,13.8222448979592,30,14.5,86.2850000000001,47.0947666666667
108,117,72,38,10,16.17,30.17,7.67591836734694,36,4.49999999999999,84.085,45.7526
110,145,92,64,23,24.45,12.4499999999999,16.4530612244898,30,12.5,96.245,54.5351
102,121,66,51,14,10.21,3.20999999999998,8.17979591836735,30,-3.50000000000001,95.925,49.0056
101,152,92,114,29,37.52,15.52,14.6473469387755,30,12.5,96.245,51.1447666666667
117,120,66,61,19,19.2,27.2,9.11632653061225,33,9.49999999999997,93.185,51.7194333333333
117,136,80,54,15,5.35999999999997,-0.640000000000034,9.63183673469388,29,1.49999999999999,85.025,48.4806
107,126,82,52,14,27.26,20.26,10.2471428571429,25,3.49999999999999,95.065,48.5856
99,112,68,61,17,13.12,-0.880000000000024,11.6085714285714,27,-4.50000000000001,86.905,42.8282666666667
116,133,70,43,9,-0.670000000000028,10.33,9.44142857142857,23,9.49999999999999,65.185,40.6739333333333
90,111,78,39,13,18.11,-1.89000000000002,11.2951020408163,36,8.49999999999999,82.165,44.8959333333333
111,122,76,53,14,13.22,2.21999999999997,13.4932653061225,25,3.49999999999999,73.065,43.9867666666667
114,127,70,69,26,11.27,-7.73000000000003,11.560612244898,32,16.5,90.325,42.9476
105,138,86,79,25,18.38,-6.62000000000003,12.5087755102041,35,3.49999999999997,89.065,52.3202666666667
94,127,72,47,13,-4.73000000000003,-4.73000000000003,13.810612244898,30,4.49999999999999,88.085,51.0442666666667
112,139,92,77,24,22.39,2.38999999999997,11.5722448979592,29,15.5,55.305,31.0646
115,124,76,53,15,2.23999999999997,-4.76000000000003,12.1202040816327,33,11.5,93.225,61.5354333333333
106,113,66,38,9,-4.87000000000002,-6.87000000000002,5.42204081632653,29,9.49999999999999,77.185,38.6371
125,146,90,95,29,14.46,8.45999999999996,6.7665306122449,33,3.49999999999999,97.0650000000001,64.1362666666667
110,113,60,29,9,12.13,15.13,7.17204081632653,29,-6.50000000000001,66.865,32.4587666666667
106,125,74,59,17,-1.75000000000003,-12.75,9.43367346938776,31,1.49999999999999,99.025,44.3151
114,135,76,67,16,22.35,-5.65000000000003,10.3183673469388,41,13.5,123.265,82.8677666666666
106,115,66,64,17,19.15,5.14999999999996,6.04897959183674,28,2.49999999999999,80.045,44.0939333333333
99,114,80,25,8,10.14,-12.86,7.98551020408163,23,-6.50000000000001,58.865,31.8741
116,137,78,62,15,24.37,13.37,12.195306122449,32,12.5,98.245,51.3972666666667
111,120,76,51,15,4.19999999999997,11.2,9.36632653061224,30,18.4999999999999,104.365,65.5572666666666
106,115,68,45,13,22.15,15.15,11.2989795918367,23,1.49999999999999,83.0250000000001,42.7804333333333
102,113,68,41,13,11.13,20.13,11.1720408163265,29,1.49999999999999,87.025,47.6311
122,139,84,89,27,19.39,25.39,10.5722448979592,25,1.49999999999999,61.025,28.1611
102,125,72,78,24,20.25,23.25,11.9336734693878,26,10.5,78.205,49.3137666666667
106,129,74,60,17,27.29,2.28999999999997,13.1875510204082,35,7.49999999999999,97.145,38.2296
100,149,96,114,35,14.49,6.48999999999996,18.7069387755102,31,5.49999999999999,103.105,68.9551
103,122,74,58,19,1.21999999999997,0.219999999999965,11.9932653061225,31,-4.50000000000001,116.905,70.9222666666667
108,113,64,47,16,-5.87000000000002,18.13,9.92204081632654,33,9.49999999999999,89.185,48.9367666666667
100,125,74,71,20,16.25,18.25,8.68367346938776,36,0.499999999999989,112.005,68.7317666666667
110,137,82,86,26,33.37,14.37,14.195306122449,21,-6.50000000000001,76.8650000000001,31.7192666666667
101,92,54,17,5,10.92,17.92,13.5891836734694,35,17.5,101.345,49.3744333333333
119,140,78,46,15,34.4,17.4,9.13571428571429,28,10.5,92.205,61.9431
115,134,88,72,24,28.34,25.34,11.7548979591837,32,-1.50000000000001,87.965,38.6607666666667
94,129,76,50,13,16.29,3.28999999999997,9.18755102040816,33,11.5,91.225,54.5537666666667
108,133,84,66,23,25.33,16.33,9.94142857142857,27,3.49999999999999,87.065,44.5914333333333
110,137,86,62,22,16.37,11.37,12.195306122449,33,-0.500000000000011,110.985,63.4521
95,114,66,49,17,28.14,17.14,10.9855102040816,21,1.49999999999999,75.025,27.5554333333333
103,130,78,72,22,-1.70000000000003,-6.70000000000003,12.0010204081633,28,-1.50000000000001,91.965,55.4542666666667
109,122,78,41,11,5.21999999999997,-8.78000000000003,12.2432653061225,34,-3.50000000000001,81.925,52.1724333333333
101,140,78,71,20,17.4,11.4,9.88571428571429,31,5.49999999999999,119.105,71.0082666666667
118,133,80,102,30,37.33,40.3299999999999,13.9414285714286,30,6.49999999999999,92.125,49.2129333333333
105,110,52,32,11,-10.9,-9.90000000000002,9.23163265306123,32,6.49999999999999,80.125,48.0191
99,144,104,102,32,25.44,13.44,11.6395918367347,37,17.4999999999999,91.345,56.7921
121,170,104,165,48,42.7,21.7,17.5397959183674,32,14.5,94.285,71.5424333333333
104,119,66,41,13,11.19,21.19,6.30285714285714,31,17.4999999999999,69.345,38.3342666666667
98,117,68,65,17,25.17,15.17,11.1759183673469,30,-1.50000000000001,95.965,38.3551
108,145,86,71,25,10.45,10.45,12.9530612244898,37,9.49999999999999,93.185,58.3722666666667
99,112,62,45,12,25.12,12.12,12.3585714285714,30,8.49999999999999,98.165,49.4587666666667
95,120,76,44,11,20.2,2.19999999999997,9.11632653061224,36,22.4999999999999,96.445,57.0861
102,131,76,65,19,26.31,20.31,9.06448979591837,33,7.49999999999998,105.145,52.6226
103,126,74,65,19,14.26,14.26,10.4971428571429,25,-8.50000000000001,80.825,52.1326
103,130,80,79,20,18.3,14.3,6.25102040816327,27,3.49999999999999,85.065,47.1987666666667
115,122,70,50,15,44.22,19.22,10.9932653061224,28,6.49999999999999,90.125,55.4631
100,125,68,59,17,8.24999999999997,23.25,12.4336734693878,32,-1.50000000000001,81.965,28.9922666666667
107,94,48,14,3,16.94,8.93999999999998,8.46612244897959,28,4.49999999999999,78.0850000000001,33.7717666666667
103,112,62,33,10,13.12,15.12,9.60857142857143,31,7.49999999999999,97.145,51.2796
105,140,84,82,28,24.4,14.4,14.3857142857143,30,18.4999999999999,92.365,45.9426
111,134,84,77,19,28.34,20.34,13.0048979591837,36,14.5,90.285,57.7064333333333
114,131,78,63,22,17.31,14.31,14.3144897959184,25,-2.50000000000001,88.945,54.6719333333333
90,119,64,50,16,19.19,11.19,9.80285714285715,31,15.5,65.305,36.6107666666667
119,124,66,74,19,6.23999999999997,-2.76000000000002,8.12020408163265,34,2.49999999999999,80.045,41.8377666666667
103,112,62,43,12,-1.88000000000002,10.12,6.60857142857143,37,7.49999999999999,91.145,56.9892666666667
112,123,82,57,20,0.229999999999974,1.22999999999997,7.80673469387755,32,12.4999999999999,106.245,71.8404333333334
112,127,74,36,10,7.26999999999997,16.27,8.06061224489796,30,16.5,66.325,23.6766
95,134,80,49,13,23.34,11.34,14.5048979591837,35,15.4999999999999,105.305,73.0131
96,135,82,76,22,-4.65000000000003,-3.65000000000003,13.5683673469388,36,-1.50000000000001,101.965,58.6789333333333
107,112,58,29,7,12.12,-3.88000000000002,4.60857142857143,35,15.5,97.305,56.2431
112,113,64,25,8,0.129999999999976,-7.87000000000002,8.42204081632653,31,5.49999999999999,83.105,40.3481
132,121,68,47,13,24.21,21.21,9.17979591836735,29,-2.50000000000001,78.945,36.4069333333333
102,121,64,64,16,11.21,-3.79000000000002,8.67979591836735,31,-2.50000000000001,86.945,47.0682666666667
97,122,80,59,19,24.22,17.22,10.9932653061225,29,9.49999999999999,79.185,39.2009333333333
112,135,86,78,24,32.3499999999999,19.35,9.56836734693878,41,21.5,81.425,52.0831
106,111,58,36,11,15.11,2.10999999999997,9.54510204081633,29,15.4999999999999,83.305,53.4849333333334
111,110,68,36,10,17.1,10.1,7.23163265306122,33,5.49999999999999,93.105,54.2992666666667
111,124,80,87,28,49.24,33.24,11.3702040816327,33,3.49999999999999,109.065,68.3184333333333
114,133,82,65,23,15.33,16.33,12.4414285714286,28,8.49999999999999,94.165,52.0454333333333
108,157,98,102,33,12.57,7.56999999999996,9.46469387755102,28,4.49999999999999,88.085,28.9226
107,114,74,57,16,20.14,14.14,12.2355102040816,36,12.5,82.245,46.5001
102,125,74,66,19,10.25,12.25,9.68367346938776,31,1.49999999999999,77.025,41.4252666666667
112,119,64,34,10,15.19,12.19,12.0528571428571,30,12.5,92.245,51.1801
110,131,84,75,22,26.31,6.30999999999997,13.5644897959184,24,0.499999999999989,80.005,46.1649333333333
108,111,60,47,16,-9.89000000000002,-8.89000000000002,8.04510204081633,39,11.5,93.225,31.7382666666667
119,126,68,40,10,1.25999999999997,7.25999999999997,8.49714285714286,32,8.49999999999999,92.165,51.7414333333333
109,124,74,78,22,37.24,21.24,10.3702040816327,32,4.49999999999999,90.085,43.4567666666667
105,140,78,47,12,25.4,14.4,10.1357142857143,25,-6.50000000000001,96.865,55.4247666666667
115,138,76,67,15,7.37999999999997,6.37999999999996,9.50877551020408,29,15.5,79.305,33.2242666666667
100,129,74,80,22,27.29,14.29,8.68755102040816,34,16.4999999999999,120.325,67.8022666666667
108,123,78,47,13,3.22999999999997,-2.77000000000003,8.55673469387756,35,1.49999999999999,73.025,39.2051
120,151,100,97,29,28.51,15.51,14.5838775510204,28,6.49999999999999,92.125,46.5944333333333
105,144,78,78,19,16.44,13.44,7.38959183673469,24,10.5,68.205,34.0382666666667
109,122,62,41,14,22.22,8.21999999999997,9.24326530612245,21,-8.50000000000001,98.825,60.0546
105,152,96,86,25,2.51999999999997,3.51999999999997,12.3973469387755,23,-0.500000000000011,84.985,48.8889333333333
103,138,82,55,18,9.37999999999997,-2.62000000000003,15.2587755102041,31,17.4999999999999,85.345,58.3736
128,145,86,79,26,9.44999999999997,5.44999999999997,10.9530612244898,23,1.49999999999999,79.025,44.2039333333333
120,123,68,38,12,32.23,26.23,12.5567346938776,29,3.49999999999999,93.065,39.3436
107,138,76,63,18,21.38,14.38,10.5087755102041,34,4.49999999999999,86.085,37.7464333333333
108,127,76,61,22,18.27,32.27,9.81061224489796,22,-5.50000000000001,73.885,42.3754333333333
119,146,94,101,34,16.46,25.46,15.0165306122449,29,9.49999999999999,97.185,44.7204333333333
117,112,64,30,10,-30.88,-12.88,12.1085714285714,35,7.49999999999999,103.145,78.3999333333334
120,129,78,45,11,28.29,12.29,13.9375510204082,29,-6.50000000000001,90.8650000000001,54.5431
104,147,100,97,30,12.47,23.47,13.83,36,18.4999999999999,88.365,62.9236
109,124,78,77,25,33.24,26.24,6.12020408163265,28,4.49999999999999,76.085,38.0496
105,134,90,64,20,38.34,29.3399999999999,10.7548979591837,31,7.49999999999999,95.145,53.4176
120,127,66,35,8,14.27,25.27,6.56061224489796,28,4.49999999999999,84.0850000000001,39.4769333333333
111,116,60,42,11,4.15999999999998,-6.84000000000002,11.6124489795918,29,1.49999999999999,105.025,44.3624333333333
109,120,80,51,17,6.19999999999997,15.2,9.86632653061225,26,-1.50000000000001,91.965,58.2559333333333
110,111,66,46,14,36.11,19.11,7.04510204081633,34,16.5,104.325,55.9292666666666
114,135,70,55,17,21.35,7.34999999999998,9.31836734693877,39,17.4999999999999,99.345,50.5244333333333
92,107,64,29,9,34.07,15.07,7.79122448979592,26,-1.50000000000001,85.965,40.3267666666667
115,134,78,64,16,20.34,8.33999999999998,9.50489795918368,26,6.49999999999999,70.125,34.0924333333333
103,140,82,89,26,22.3999999999999,20.4,12.3857142857143,37,9.49999999999999,111.185,73.4141
100,133,78,57,17,-1.67000000000003,-0.670000000000021,13.9414285714286,26,4.49999999999999,98.085,62.2332666666667
102,117,80,53,17,17.17,12.17,11.9259183673469,25,-2.50000000000001,80.9450000000001,42.3982666666667
107,140,92,94,26,12.4,2.39999999999997,14.3857142857143,32,-3.50000000000001,99.925,63.9324333333333
114,107,58,26,5,16.07,2.06999999999996,11.5412244897959,25,-2.50000000000001,104.945,60.8087666666667
99,114,64,58,16,35.14,26.14,9.98551020408164,38,4.49999999999999,106.085,68.1357666666667
115,112,66,48,10,7.11999999999997,-3.88000000000002,8.85857142857143,41,5.49999999999999,83.105,33.5749333333333
100,133,76,45,14,2.32999999999997,8.32999999999996,11.6914285714286,38,-1.50000000000001,97.965,60.4334333333333
111,122,64,46,12,17.22,18.22,6.49326530612245,28,2.49999999999999,100.045,44.2137666666667
108,125,68,37,12,11.25,17.25,8.68367346938775,34,6.49999999999999,94.125,52.1281
101,128,66,77,20,6.27999999999997,16.28,12.6240816326531,32,6.49999999999999,76.125,38.5992666666667
116,143,86,66,17,25.43,14.43,6.57612244897959,37,15.5,87.305,50.9914333333333
119,118,72,42,13,13.18,4.17999999999998,5.73938775510204,30,14.5,86.285,58.6317666666666
113,136,78,86,29,27.36,20.36,11.3818367346939,27,3.49999999999999,69.0650000000001,36.7027666666667
106,137,76,78,20,28.37,2.36999999999997,6.94530612244898,36,24.4999999999999,76.485,40.9021
116,107,54,43,10,-0.930000000000021,1.06999999999998,8.04122448979592,39,13.5,87.265,40.0094333333333
107,120,72,63,20,16.2,15.2,6.36632653061224,29,1.49999999999999,93.025,52.4794333333333
101,108,62,46,14,12.08,8.07999999999997,12.854693877551,24,-5.50000000000001,91.885,49.3912666666667
96,87,48,12,3,0.869999999999981,-6.13000000000002,10.0218367346939,28,0.499999999999989,110.005,76.4804333333333
94,107,60,49,16,23.07,21.07,11.5412244897959,28,-17.5,79.645,43.8636
101,118,70,78,24,12.18,11.18,10.739387755102,32,6.49999999999999,106.125,72.3437666666667
99,112,66,36,11,6.11999999999998,12.12,11.1085714285714,28,8.49999999999999,94.1650000000001,64.1177666666667
110,119,62,57,18,25.19,22.19,9.55285714285714,32,10.5,80.205,48.2889333333333
96,113,56,48,9,28.13,26.13,10.4220408163265,35,9.49999999999998,103.185,61.8357666666667
109,130,80,53,17,27.3,27.3,12.7510204081633,33,11.5,83.2250000000001,31.9041
102,129,84,112,37,39.29,24.29,9.68755102040816,38,14.4999999999999,110.285,65.5927666666667
113,108,62,45,11,18.08,18.08,9.35469387755102,32,4.49999999999999,100.085,62.1711
120,117,56,33,9,11.17,-0.830000000000025,9.67591836734694,27,3.49999999999999,81.065,41.0129333333333
103,108,58,23,5,14.08,-4.92000000000002,7.60469387755102,23,9.49999999999999,73.1850000000001,36.6619333333333
105,136,92,66,22,22.36,2.35999999999997,9.63183673469388,40,10.5,102.205,59.5687666666667
116,139,82,72,23,11.39,-4.61000000000003,13.5722448979592,25,1.49999999999999,81.025,33.3867666666667
128,149,98,68,22,14.49,-3.51000000000003,13.7069387755102,34,14.5,110.285,58.2911
115,140,84,91,27,1.39999999999997,-2.60000000000003,10.8857142857143,34,20.4999999999999,74.405,34.7311
110,131,78,64,18,1.30999999999997,2.30999999999997,13.3144897959184,34,8.49999999999999,100.165,62.5006
92,125,78,75,23,13.25,-6.75000000000003,8.68367346938776,32,2.49999999999999,110.045,45.6357666666667
105,136,76,56,13,15.36,-13.64,6.88183673469388,28,0.499999999999989,68.0050000000001,35.2466
120,125,76,40,10,-7.75000000000003,1.24999999999997,12.9336734693878,28,-1.50000000000001,95.965,50.8009333333333
99,98,48,24,6,30.98,14.98,9.22,30,6.49999999999999,70.125,47.3196
111,120,84,52,16,-1.80000000000003,-5.80000000000003,11.1163265306122,29,-10.5,76.785,26.9692666666667
102,135,82,65,18,7.34999999999997,15.35,9.81836734693878,32,20.5,76.405,43.0732666666667
112,115,60,20,7,9.14999999999998,12.15,11.7989795918367,30,4.49999999999999,86.085,51.7336
101,134,84,95,27,13.34,14.34,14.2548979591837,25,3.49999999999999,91.065,51.9641
106,127,78,46,13,-1.73000000000003,3.26999999999997,12.560612244898,23,-6.50000000000001,80.865,46.2222666666667
106,125,58,64,14,23.25,7.24999999999997,9.68367346938776,35,5.49999999999998,95.105,48.0302666666667
102,131,74,55,14,-11.69,-13.69,7.06448979591837,31,1.49999999999999,99.025,70.9599333333333
104,133,84,59,18,25.33,17.33,10.1914285714286,26,10.5,80.205,47.2866
129,148,86,74,23,34.48,30.48,10.8934693877551,39,11.5,101.225,66.8367666666667
106,131,70,72,20,1.30999999999997,12.31,13.8144897959184,33,7.49999999999999,89.145,48.7902666666667
94,119,70,47,14,16.19,11.19,8.55285714285714,31,11.5,93.225,52.6802666666666
124,117,70,51,15,28.17,28.17,9.17591836734694,25,3.49999999999999,75.0650000000001,23.6466
106,125,78,97,32,24.25,25.25,11.4336734693878,33,7.49999999999999,91.145,47.5226
116,143,66,59,17,21.43,30.43,12.0761224489796,30,6.49999999999999,74.125,36.2396
93,108,74,51,19,12.08,20.08,11.354693877551,27,-4.50000000000001,98.905,49.3874333333333
110,141,82,64,18,10.41,0.409999999999972,7.69918367346939,24,10.5,78.205,37.3361
126,131,76,73,20,44.31,28.31,8.06448979591837,45,17.4999999999999,103.345,62.8281
112,139,84,53,16,4.38999999999997,-9.61000000000003,10.5722448979592,31,7.49999999999999,75.1450000000001,40.1237666666667
103,132,80,58,18,12.32,5.31999999999997,8.12795918367347,18,-7.50000000000001,85.8450000000001,36.7341
126,131,70,34,12,16.31,22.31,11.0644897959184,38,6.49999999999999,92.125,47.3954333333333
103,124,76,68,21,29.24,14.24,10.6202040816327,31,7.49999999999999,105.145,55.2077666666667
107,136,90,76,23,19.36,12.36,6.88183673469388,38,8.49999999999999,86.165,46.7164333333333
88,121,74,51,16,6.20999999999997,7.20999999999997,6.17979591836735,26,10.5,72.205,41.3042666666667
101,134,84,64,19,13.34,9.33999999999997,14.5048979591837,34,16.4999999999999,88.325,45.6792666666667
99,138,98,106,37,36.38,30.38,11.7587755102041,28,4.49999999999999,94.085,60.6129333333333
93,126,70,58,15,1.25999999999997,-4.74000000000003,10.9971428571429,29,-18.5,102.625,50.3421
99,100,56,22,7,8.99999999999998,13,10.8469387755102,24,10.5,76.205,38.6887666666667
100,123,68,67,23,10.23,4.22999999999997,10.5567346938776,27,-0.500000000000011,74.985,41.7581
121,142,88,61,20,30.42,16.42,8.01265306122449,31,13.5,93.265,45.9427666666667
111,132,84,79,25,26.32,16.32,14.3779591836735,36,-3.50000000000001,115.925,90.3619333333333
108,115,68,57,19,22.15,15.15,8.79897959183674,36,10.5,98.205,52.4766
107,122,78,53,18,-17.78,-15.78,8.24326530612245,34,8.49999999999999,60.165,33.4992666666667
112,143,90,108,32,35.43,19.43,9.82612244897959,40,8.49999999999999,86.165,52.0181
130,125,76,46,16,12.25,4.24999999999997,8.68367346938776,32,6.49999999999999,84.125,51.0824333333333
96,115,66,53,18,28.15,16.15,10.5489795918367,27,9.49999999999998,81.185,47.5299333333333
118,129,74,57,19,-16.71,-12.71,12.4375510204082,22,0.499999999999989,76.005,41.6951
115,138,72,74,20,23.38,22.38,13.0087755102041,32,10.5,104.205,52.3067666666667
86,115,66,46,15,-19.85,-0.850000000000025,6.79897959183673,25,9.49999999999999,79.185,40.9769333333333
94,119,74,61,15,21.19,22.19,13.0528571428571,27,5.49999999999999,93.105,49.0622666666667
115,126,64,60,16,29.26,24.26,12.2471428571429,32,14.4999999999999,110.285,53.3729333333333
91,108,72,51,17,23.08,19.08,10.854693877551,33,13.5,77.265,49.0032666666667
103,142,104,92,29,11.42,17.42,15.5126530612245,36,14.5,94.285,55.3719333333333
109,150,92,88,26,35.5,21.5,12.0204081632653,26,14.4999999999999,70.2850000000001,32.7959333333333
100,123,80,61,17,16.23,14.23,11.0567346938776,34,2.49999999999999,108.045,43.1272666666667
93,128,72,64,16,36.2799999999999,14.28,10.6240816326531,30,8.49999999999995,84.165,44.7619333333333
107,122,72,75,22,32.22,39.22,9.49326530612245,29,3.49999999999999,89.065,56.3954333333333
94,119,74,51,17,3.18999999999996,17.19,10.3028571428571,30,-5.50000000000001,109.885,68.5961
102,121,70,34,10,6.20999999999997,9.20999999999996,11.1797959183674,25,7.49999999999999,95.145,57.2487666666667
107,146,90,106,34,33.4599999999999,15.46,12.7665306122449,34,6.49999999999999,106.125,44.6592666666667
102,131,62,68,19,10.31,6.30999999999997,9.56448979591837,33,11.5,87.225,39.7826
93,114,68,31,8,20.14,1.13999999999998,10.9855102040816,34,14.5,100.285,66.8296
95,114,60,35,7,-2.86000000000002,9.13999999999998,7.73551020408164,32,6.49999999999999,118.125,69.5524333333333
114,145,96,102,33,11.45,8.44999999999997,15.2030612244898,24,6.49999999999999,86.125,48.8397666666667
98,127,70,59,15,0.269999999999976,7.26999999999997,10.560612244898,29,3.49999999999999,91.065,52.3639333333333
113,128,64,36,10,20.28,7.27999999999997,10.3740816326531,33,17.4999999999999,91.345,62.9669333333333
92,129,84,87,30,21.29,9.28999999999997,10.9375510204082,26,-3.50000000000001,65.925,32.2776
132,145,80,50,13,24.45,16.45,10.4530612244898,30,8.49999999999999,106.165,67.0959333333333
96,135,88,91,28,18.35,14.35,15.8183673469388,22,-1.50000000000001,63.965,34.8119333333333
126,139,80,60,15,22.39,14.39,12.0722448979592,29,9.49999999999996,97.185,55.3301
93,122,74,61,16,2.21999999999997,-2.78000000000002,7.49326530612245,28,-1.50000000000001,89.965,60.0927666666667
100,141,90,101,33,16.41,12.41,9.19918367346938,27,11.5,85.2250000000001,52.6432666666667
94,121,72,60,19,11.21,1.20999999999997,7.92979591836735,29,-0.500000000000011,82.985,42.9961
115,122,64,32,9,0.219999999999972,9.21999999999997,11.9932653061225,31,1.49999999999999,97.025,47.6802666666667
103,112,70,44,14,-2.88000000000002,-9.88000000000002,10.8585714285714,29,-0.500000000000011,74.9850000000001,39.1282666666667
119,138,82,71,19,23.38,37.38,8.25877551020408,35,9.49999999999999,83.185,46.5274333333333
101,122,74,42,15,16.22,18.22,10.7432653061224,32,10.5,86.205,54.2107666666667
124,179,112,137,41,19.79,9.78999999999997,9.11102040816327,30,14.4999999999999,66.285,48.4772666666667
92,117,72,32,9,10.17,5.16999999999997,9.92591836734694,28,8.49999999999994,94.165,50.8149333333333
100,121,72,49,15,13.21,14.21,14.6797959183674,22,-5.50000000000001,81.885,48.3527666666667
104,145,84,89,24,-10.55,1.44999999999997,6.95306122448979,34,8.49999999999999,78.165,47.5186
122,133,72,58,17,4.32999999999997,5.32999999999998,10.9414285714286,33,7.49999999999999,83.1450000000001,34.4777666666667
116,111,68,34,11,6.10999999999997,-6.89000000000003,7.04510204081633,32,-3.50000000000001,93.925,38.2401
108,131,74,79,24,2.30999999999998,1.30999999999998,12.8144897959184,30,8.49999999999999,88.165,37.7339333333333
105,118,68,41,11,-1.82000000000003,11.18,8.73938775510204,38,0.499999999999989,88.005,36.0351
80,105,72,51,15,8.04999999999998,4.04999999999998,10.4142857142857,29,1.49999999999999,101.025,64.8349333333333
109,136,80,78,19,31.36,21.36,7.13183673469388,40,-3.50000000000001,89.9250000000001,49.1376
109,120,70,50,16,13.2,2.19999999999997,11.3663265306122,37,5.49999999999999,93.105,39.6319333333333
111,122,78,72,21,29.22,18.22,9.49326530612245,29,1.49999999999999,63.025,29.6884333333333
111,136,76,87,27,17.36,25.36,7.13183673469388,29,11.5,89.225,65.9641
125,138,86,59,20,21.38,8.37999999999997,13.5087755102041,26,-1.50000000000001,79.965,36.5944333333333
106,125,74,49,11,19.25,9.24999999999997,10.6836734693878,32,8.49999999999999,96.165,60.0437666666667
87,128,82,68,18,14.28,13.28,10.3740816326531,24,-1.50000000000001,69.965,36.8829333333333
102,141,80,85,25,-19.59,-13.59,14.1991836734694,27,5.49999999999998,103.105,65.6161
106,137,70,57,15,8.36999999999997,12.37,8.94530612244898,40,18.4999999999999,82.365,58.9027666666667
104,101,50,27,8,20.01,12.01,8.16040816326531,34,4.49999999999999,90.0850000000001,51.3696
123,150,88,99,26,29.5,3.49999999999997,8.02040816326531,33,11.5,105.225,61.4057666666667
102,141,98,70,21,16.41,1.40999999999997,9.94918367346939,34,-1.50000000000001,91.965,46.7016
111,136,76,75,20,26.36,25.36,12.3818367346939,32,10.5,84.205,37.2146
102,131,86,65,21,37.31,26.31,16.3144897959184,32,8.49999999999999,104.165,66.1999333333333
100,117,56,54,15,5.16999999999998,-0.830000000000027,7.67591836734694,38,12.5,110.245,64.2056
98,139,86,78,24,20.39,18.39,5.57224489795918,37,15.5,81.305,56.4801
102,117,72,72,22,21.17,26.17,7.42591836734694,28,2.49999999999999,76.0450000000001,29.9057666666667
114,125,74,74,21,4.24999999999997,13.25,12.4336734693878,27,7.49999999999999,93.145,60.4434333333333
101,142,78,74,19,12.42,-1.58000000000004,10.0126530612245,29,13.5,77.265,45.0422666666667
110,139,70,71,16,38.39,8.38999999999998,6.57224489795918,33,11.5,91.225,48.6621
117,146,84,122,34,38.46,30.46,9.7665306122449,38,20.4999999999999,78.405,37.9836
120,123,72,50,15,15.23,24.23,10.8067346938776,39,7.49999999999999,105.145,56.5111
116,113,62,40,12,11.13,1.12999999999998,6.92204081632653,28,16.5,78.325,49.0769333333333
109,144,90,84,24,20.44,25.44,9.3895918367347,37,9.49999999999999,105.185,72.3296
102,109,62,47,14,6.08999999999998,5.08999999999997,6.41816326530612,26,-1.50000000000001,85.965,51.7626
132,133,70,70,14,13.33,6.32999999999997,9.44142857142858,32,-3.50000000000001,59.925,31.1586
95,124,76,58,15,1.23999999999997,4.23999999999997,6.12020408163265,32,10.5,100.205,57.3534333333333
107,114,66,56,13,22.14,17.14,6.48551020408163,37,5.49999999999999,95.105,43.4964333333333
104,127,78,73,20,3.26999999999997,21.27,8.81061224489796,28,2.49999999999999,74.045,32.0437666666667
100,133,84,81,27,41.33,32.33,11.4414285714286,26,0.499999999999989,96.005,42.1522666666667
105,134,70,69,16,-9.66000000000003,1.33999999999996,9.75489795918367,33,-0.500000000000011,92.9850000000001,50.9559333333333
94,123,72,59,18,32.23,12.23,6.55673469387755,36,6.49999999999999,92.125,51.0722666666667
99,112,70,35,9,17.12,9.11999999999997,12.1085714285714,32,12.5,64.245,34.7151
112,141,86,92,27,39.41,39.41,13.1991836734694,39,19.4999999999999,85.385,46.7496
110,139,86,71,18,23.39,-3.61000000000003,7.82224489795918,39,7.49999999999999,81.145,43.1541
123,116,72,41,13,24.16,23.16,13.1124489795918,25,-4.50000000000001,104.905,66.7314333333333
105,124,80,67,21,22.24,32.24,13.3702040816327,33,21.5,79.4250000000001,57.2502666666667
106,117,66,53,14,3.16999999999997,-10.83,14.1759183673469,29,5.49999999999999,105.105,63.4107666666667
106,123,82,89,27,28.23,23.23,12.8067346938776,31,-0.500000000000011,90.9850000000001,45.8957666666667
101,122,80,75,23,19.22,14.22,10.4932653061225,32,4.49999999999999,90.085,48.5912666666667
102,139,78,65,14,13.39,-22.61,8.57224489795918,34,4.49999999999999,106.085,57.6227666666667
109,100,52,60,18,19,3.99999999999998,5.59693877551021,31,1.49999999999999,95.025,52.8029333333333
92,123,66,50,16,14.23,8.22999999999997,11.5567346938776,34,14.5,90.285,67.0954333333333
110,123,78,61,19,22.23,17.23,9.30673469387756,24,-1.50000000000001,93.965,48.6724333333333
97,126,72,49,13,31.26,17.26,9.99714285714286,31,7.49999999999999,95.145,54.7896
91,128,76,81,24,19.28,6.27999999999998,10.3740816326531,29,7.49999999999999,89.145,47.8179333333333
106,127,78,60,20,10.27,4.26999999999997,7.81061224489796,37,5.49999999999999,97.105,57.6759333333333
94,125,82,51,16,24.25,9.24999999999998,7.93367346938776,34,20.4999999999999,100.405,66.3719333333333
80,121,80,59,17,6.20999999999997,8.20999999999997,7.92979591836735,28,10.5,98.205,68.3891
90,103,60,40,10,19.03,28.03,10.0373469387755,29,11.5,103.225,60.6504333333333
120,117,72,37,11,-7.83000000000002,-11.83,7.17591836734694,21,1.49999999999999,91.025,53.1687666666667
100,115,68,59,16,9.14999999999997,-10.85,10.5489795918367,23,-0.500000000000011,94.9850000000001,56.2102666666667
104,123,74,53,16,5.22999999999997,11.23,14.5567346938776,33,7.49999999999996,105.145,64.0717666666667
103,126,76,76,23,34.26,25.26,11.2471428571429,31,5.49999999999999,85.105,32.8914333333333
108,149,90,107,34,19.49,36.4899999999999,11.9569387755102,28,-1.50000000000001,89.965,46.3022666666667
94,113,70,36,13,10.13,8.12999999999997,5.42204081632653,25,7.49999999999999,89.1450000000001,55.6326
109,122,70,51,15,-1.78000000000003,-2.78000000000002,6.99326530612245,30,6.49999999999999,72.125,30.1414333333333
96,145,86,72,16,5.44999999999997,-0.550000000000031,9.4530612244898,43,21.4999999999999,77.425,44.2767666666667
99,118,56,34,5,14.18,-11.82,10.989387755102,36,6.49999999999999,102.125,67.3856
98,131,90,60,21,20.31,10.31,11.0644897959184,34,12.5,108.245,64.3326
106,129,78,65,21,22.29,9.28999999999997,11.6875510204082,27,9.49999999999999,87.185,46.6026
111,116,58,53,16,21.16,26.16,13.1124489795918,32,0.499999999999989,90.005,42.4486
90,133,94,57,15,8.32999999999997,9.32999999999997,5.94142857142857,35,5.49999999999999,95.105,63.1967666666667
105,150,98,110,33,19.5,22.5,13.2704081632653,40,0.499999999999989,112.005,80.9042666666667
114,141,82,69,27,22.41,22.41,10.1991836734694,36,10.5,90.205,44.0551
100,133,78,56,15,6.32999999999997,-7.67000000000003,12.1914285714286,30,8.49999999999997,86.165,54.2989333333333
106,137,84,75,20,8.36999999999999,5.36999999999998,9.69530612244898,33,13.5,95.265,40.9499333333333
104,117,70,36,10,-5.83000000000002,-5.83000000000002,6.67591836734694,31,1.49999999999999,87.025,47.3486
91,120,68,79,23,4.19999999999997,-0.800000000000024,11.8663265306123,26,4.49999999999999,86.085,50.0372666666667
96,133,92,74,23,22.33,8.32999999999996,9.19142857142857,35,1.49999999999999,105.025,71.6077666666667
113,136,74,66,19,19.36,11.36,12.1318367346939,38,10.5,84.205,49.4731
107,130,74,65,20,21.3,3.29999999999997,15.7510204081633,26,2.49999999999999,84.045,38.4324333333333
106,131,70,61,18,10.31,22.31,11.0644897959184,35,15.5,87.305,47.4386
123,130,74,77,20,31.3,18.3,12.0010204081633,23,7.49999999999999,79.145,46.0492666666667
104,107,60,52,12,19.07,12.07,8.29122448979592,33,5.49999999999999,81.105,31.3742666666667
101,126,78,55,16,12.26,5.25999999999998,6.74714285714286,25,-4.50000000000001,64.905,44.1527666666667
122,147,88,80,25,18.47,8.46999999999997,12.58,30,4.49999999999999,86.085,55.1517666666667
111,136,80,93,30,22.36,10.36,7.13183673469388,31,5.49999999999999,97.105,48.8844333333333
116,141,80,83,26,5.40999999999996,6.40999999999996,7.44918367346939,37,19.4999999999999,89.385,65.2682666666667
108,129,80,52,17,9.28999999999997,6.28999999999997,13.6875510204082,17,-2.50000000000001,80.9450000000001,52.3921
113,144,82,79,23,28.44,20.44,12.6395918367347,31,11.5,109.225,78.3687666666667
100,109,70,61,20,19.09,28.09,8.91816326530612,31,5.49999999999998,95.105,51.7389333333333
106,111,62,29,8,16.11,16.11,11.7951020408163,38,12.5,102.245,59.8969333333333
110,131,80,66,20,12.31,-6.69000000000003,13.3144897959184,29,11.5,79.2250000000001,43.4336
109,128,72,75,22,12.28,3.27999999999997,11.3740816326531,25,-4.50000000000001,72.905,37.6666
101,134,72,71,22,14.34,4.33999999999997,12.0048979591837,27,1.49999999999999,93.025,62.2666
136,139,80,67,20,34.39,26.39,10.5722448979592,30,10.5,80.205,42.0181
91,126,68,54,15,23.26,7.25999999999997,13.4971428571429,29,9.49999999999997,103.185,60.2991
118,137,90,64,19,7.36999999999997,5.36999999999996,13.945306122449,34,14.5,82.285,43.1486
99,130,90,75,23,5.29999999999997,-2.70000000000003,11.2510204081633,32,-3.50000000000001,99.925,71.0366
103,136,90,53,17,7.35999999999997,7.35999999999995,13.1318367346939,23,3.49999999999999,99.065,56.8511
108,133,74,87,25,20.33,11.33,10.4414285714286,40,0.499999999999989,78.0050000000001,38.3221
97,116,70,47,13,-4.84000000000002,-5.84000000000002,9.61244897959184,33,-2.50000000000001,74.945,30.8847666666667
108,141,82,84,23,40.41,8.40999999999997,11.6991836734694,28,12.5,90.245,55.9999333333333
89,102,60,28,10,21.02,10.02,10.2238775510204,32,18.4999999999999,108.365,72.9479333333333
105,146,94,105,33,10.46,7.45999999999997,9.0165306122449,34,12.5,90.245,60.5104333333333
113,112,60,46,16,14.12,-1.88000000000002,5.60857142857143,30,4.49999999999999,68.085,28.5661
95,128,78,44,14,14.28,13.28,7.87408163265306,25,11.5,81.225,49.6966
106,131,90,55,19,18.31,-9.69000000000003,14.0644897959184,30,14.5,84.285,56.6726
134,125,86,79,24,12.25,18.25,9.18367346938776,31,11.5,107.225,61.2146
108,115,68,56,15,11.15,1.14999999999997,9.04897959183674,24,8.49999999999999,98.165,67.7519333333333
109,126,62,54,14,9.25999999999997,-7.74000000000002,10.7471428571429,19,1.49999999999999,77.025,47.3119333333333
103,126,76,51,15,-1.74000000000003,4.25999999999998,13.9971428571429,26,2.49999999999999,74.045,39.8139333333333
111,128,78,71,20,29.28,31.28,12.6240816326531,28,0.499999999999989,90.005,46.2929333333333
100,129,84,49,14,15.29,15.29,12.4375510204082,24,0.499999999999989,86.005,53.3479333333333
109,122,80,39,13,4.21999999999998,-2.78000000000002,9.49326530612245,29,15.4999999999999,83.305,49.1421
119,140,84,57,17,9.39999999999997,14.4,12.6357142857143,29,1.49999999999999,101.025,74.0826
108,141,90,83,24,29.41,5.40999999999997,10.1991836734694,30,0.499999999999989,82.005,49.7274333333333
106,127,78,98,30,9.26999999999997,13.27,13.310612244898,31,5.49999999999999,81.1050000000001,40.4284333333333
113,124,78,33,7,-3.76000000000003,-15.76,11.8702040816327,43,9.49999999999999,103.185,55.4807666666667
106,119,70,82,26,1.18999999999997,-2.81000000000002,7.80285714285714,26,-1.50000000000001,71.9650000000001,38.6304333333333
103,128,74,56,17,41.28,16.28,11.8740816326531,36,12.5,86.245,26.4609333333333
99,128,78,52,14,5.27999999999997,-3.72000000000003,7.87408163265306,28,4.49999999999999,80.0850000000001,45.4877666666667
89,122,80,74,22,20.22,20.22,12.7432653061225,26,8.49999999999999,98.165,63.9981
105,140,92,68,24,17.4,14.4,14.6357142857143,35,13.5,89.265,45.2482666666667
104,135,76,67,17,-0.650000000000027,-0.650000000000025,7.31836734693877,39,15.5,91.305,62.6081
103,116,68,46,15,5.15999999999997,18.16,9.11244897959184,30,6.49999999999999,74.125,35.9987666666667
109,142,88,97,26,28.42,30.42,6.51265306122448,28,14.4999999999999,76.285,44.8486
101,136,80,63,19,14.36,12.36,12.1318367346939,36,8.49999999999997,106.165,82.2599333333334
111,100,46,33,11,9.99999999999997,11,9.5969387755102,25,-2.50000000000001,92.945,55.8141
122,125,62,51,15,26.25,26.25,12.6836734693878,30,10.5,82.205,50.1074333333333
106,131,72,54,14,27.31,2.30999999999997,9.31448979591837,25,5.49999999999999,91.105,57.4957666666667
107,130,80,88,28,26.3,23.3,14.5010204081633,28,-3.50000000000001,103.925,58.8234333333333
107,108,62,22,7,7.07999999999998,-8.92000000000002,9.85469387755102,27,9.49999999999999,97.185,42.8774333333333
105,134,86,59,18,11.34,21.34,16.0048979591837,29,9.49999999999999,93.185,53.5399333333333
97,104,56,36,7,12.04,15.04,6.35081632653061,34,6.49999999999997,90.125,54.6446
101,144,88,89,23,7.43999999999997,5.43999999999997,10.1395918367347,29,3.49999999999999,81.065,47.5741
97,124,78,52,14,11.24,19.24,9.37020408163266,37,15.4999999999999,87.305,37.1334333333333
102,107,64,26,10,7.06999999999998,14.07,11.7912244897959,23,-2.50000000000001,86.9450000000001,53.4644333333333
107,116,68,44,13,11.16,20.16,9.11244897959184,35,11.5,89.2250000000001,58.4211
100,109,64,44,14,7.08999999999997,12.09,9.91816326530612,28,2.49999999999999,100.045,56.5889333333334
132,155,92,113,34,18.55,18.55,8.58775510204082,34,16.5,94.325,51.8281
106,119,74,64,18,19.19,17.19,9.80285714285714,33,7.49999999999999,91.145,47.6804333333333
100,127,72,103,30,32.27,34.27,13.310612244898,27,9.49999999999999,63.185,37.8462666666667
100,137,92,86,29,-17.63,-17.63,10.445306122449,27,-0.500000000000011,86.985,51.9946
115,142,82,71,16,22.42,0.41999999999997,9.51265306122449,39,7.49999999999999,87.145,31.4859333333333
90,99,52,15,5,9.98999999999998,7.98999999999998,5.5334693877551,32,8.49999999999999,90.165,54.2829333333333
105,112,68,38,11,28.12,20.12,11.1085714285714,23,-0.500000000000011,102.985,52.6011
115,146,90,87,26,27.46,19.46,11.2665306122449,32,0.499999999999989,104.005,70.1519333333333
108,117,70,56,15,-0.830000000000025,5.16999999999998,5.67591836734694,34,2.49999999999999,88.045,55.0096
117,148,84,66,21,36.48,19.48,9.64346938775511,32,20.4999999999999,88.405,51.4082666666667
102,115,74,47,16,-3.85000000000003,7.14999999999998,12.2989795918367,30,-3.50000000000001,93.925,50.9717666666667
103,112,68,46,15,9.11999999999997,8.11999999999997,8.35857142857143,26,6.49999999999999,104.125,55.3541
114,141,86,72,21,20.41,24.41,10.1991836734694,37,15.5,77.305,38.1277666666667
106,145,90,103,35,30.45,12.45,10.9530612244898,31,9.49999999999998,113.185,72.9299333333333
96,129,82,69,22,11.29,13.29,6.43755102040816,35,3.49999999999999,85.065,44.6367666666667
86,109,56,35,11,18.09,14.09,10.6681632653061,38,2.49999999999999,100.045,51.6836
109,132,78,68,22,30.32,30.32,11.3779591836735,25,-8.50000000000001,98.825,61.8967666666667
114,109,58,35,8,15.09,0.0899999999999732,8.41816326530613,25,7.49999999999999,87.145,38.7646
106,133,82,71,17,10.33,12.33,11.6914285714286,34,16.5,82.325,33.2304333333333
114,117,66,47,11,33.17,12.17,7.92591836734694,29,15.5,91.305,42.2249333333333
82,135,84,101,28,14.35,-6.65000000000003,10.0683673469388,34,-1.50000000000001,113.965,71.4102666666667
100,141,92,88,27,22.41,8.40999999999998,13.1991836734694,27,1.49999999999999,93.025,54.4716
106,141,98,63,21,2.40999999999997,3.40999999999998,8.44918367346939,31,-10.5,108.785,75.8891
116,133,64,80,19,26.33,31.33,6.94142857142857,31,9.49999999999999,71.1850000000001,35.8134333333333
104,133,76,47,14,26.33,10.33,9.69142857142857,44,20.4999999999999,76.405,44.8269333333334
100,135,84,71,22,20.35,-3.65000000000003,11.3183673469388,25,9.49999999999999,59.185,32.7972666666667
100,119,68,39,11,-2.81000000000003,6.18999999999997,13.5528571428571,41,13.5,111.265,69.5612666666667
101,122,70,67,20,15.22,-2.78000000000003,9.74326530612245,36,16.4999999999999,82.325,54.9151
107,122,68,60,20,8.21999999999997,16.22,12.2432653061225,37,-6.50000000000001,102.865,59.0102666666667
108,117,64,35,8,3.16999999999998,-12.83,8.67591836734694,34,6.49999999999999,104.125,58.1327666666667
118,141,78,73,17,30.41,27.41,7.94918367346939,37,11.5,77.2250000000001,39.8051
121,120,74,35,12,15.2,21.2,13.6163265306123,39,13.4999999999999,125.265,81.2066
99,134,88,72,23,12.34,14.34,8.50489795918367,29,1.49999999999999,97.025,52.8971
116,125,68,46,13,5.24999999999997,-1.75000000000003,9.43367346938776,24,-13.5,85.7250000000001,34.9886
95,118,82,63,19,22.18,13.18,9.23938775510204,32,0.499999999999989,100.005,64.7274333333334
110,121,62,63,20,10.21,-0.790000000000026,5.67979591836735,29,11.4999999999999,79.2250000000001,45.0046
104,141,74,59,17,17.41,-6.59000000000003,11.6991836734694,21,-8.50000000000001,74.825,37.5147666666667
100,137,88,91,27,25.37,12.37,7.69530612244898,27,-10.5,80.7850000000001,36.3044333333333
108,107,64,47,16,6.06999999999998,17.07,7.29122448979592,34,16.5,72.325,37.0826
89,120,82,51,16,15.2,20.2,14.3663265306123,22,-3.50000000000001,101.925,59.5447666666667
93,132,80,68,23,21.32,24.32,10.6279591836735,32,18.4999999999999,86.365,56.4971
109,132,82,56,17,18.32,15.32,6.62795918367347,36,-5.50000000000001,85.8850000000001,45.5279333333333
95,132,82,61,21,23.32,14.32,14.1279591836735,32,2.49999999999999,96.0450000000001,45.1566
125,136,80,41,11,-6.64000000000003,-7.64000000000003,11.3818367346939,31,7.49999999999999,99.145,51.4839333333333
91,114,72,36,12,10.14,12.14,12.2355102040816,35,13.5,107.265,68.9129333333333
103,114,52,72,19,30.14,26.14,9.73551020408164,27,7.49999999999999,91.1450000000001,51.1622666666667
97,128,80,71,21,6.27999999999997,4.27999999999996,10.6240816326531,41,7.49999999999999,99.145,53.4962666666666
114,139,88,63,17,31.39,30.39,5.82224489795918,42,18.5,82.3650000000001,52.3437666666667
99,124,70,79,22,12.24,9.23999999999997,11.1202040816327,26,-3.50000000000001,83.925,49.1492666666667
109,148,96,72,21,-9.52000000000003,-12.52,14.6434693877551,26,0.499999999999989,76.005,43.3022666666667
100,119,72,52,17,29.19,7.18999999999996,13.3028571428571,24,4.49999999999999,72.085,44.3152666666667
107,108,70,36,12,6.07999999999998,-5.92000000000002,9.35469387755102,32,0.499999999999989,100.005,65.1531
101,100,66,40,13,28,17,7.0969387755102,26,2.49999999999999,86.045,44.6697666666667
101,124,78,35,10,21.24,23.24,10.3702040816327,37,9.49999999999996,99.185,59.2684333333334
122,119,64,47,14,7.18999999999997,-13.81,11.5528571428571,34,2.49999999999999,116.045,76.5126
93,122,64,42,9,13.22,16.22,6.49326530612245,27,-0.500000000000011,82.985,46.4104333333333
114,133,78,58,19,15.33,17.33,7.69142857142857,41,19.5,97.385,62.5826
115,120,68,57,18,2.19999999999998,17.2,14.3663265306122,27,1.49999999999999,101.025,45.6561
99,114,72,36,12,6.13999999999997,-18.86,8.48551020408163,36,4.49999999999999,104.085,48.7424333333333
97,126,70,47,11,-4.74000000000003,-0.740000000000029,12.4971428571429,36,8.49999999999999,94.165,58.1061
107,126,78,62,18,17.26,22.26,10.2471428571429,31,11.5,93.225,46.3986
107,122,68,51,16,23.22,2.21999999999997,10.9932653061224,33,17.5,95.345,57.2951
119,130,70,65,21,34.3,15.3,10.0010204081633,26,-3.50000000000001,93.925,56.4929333333333
122,109,48,27,8,24.09,19.09,10.9181632653061,37,17.4999999999999,87.345,47.6397666666667
105,116,70,51,15,29.16,18.16,10.6124489795918,25,5.49999999999999,99.105,55.1311
100,121,80,72,20,32.21,24.21,12.9297959183674,23,7.49999999999998,101.145,61.1704333333334
82,135,90,98,28,-13.65,-24.65,4.06836734693877,37,3.49999999999999,95.065,55.6644333333334
114,149,104,100,30,23.49,15.49,18.7069387755102,32,8.49999999999999,100.165,52.1284333333333
87,114,70,58,17,31.14,19.14,10.2355102040816,34,-1.50000000000001,111.965,75.3782666666667
106,115,64,54,16,34.15,27.15,9.79897959183674,32,-1.50000000000001,89.965,46.6662666666667
126,169,110,147,45,39.6899999999999,26.6899999999999,17.2263265306122,30,6.49999999999999,88.125,54.9572666666667
116,137,86,54,17,7.36999999999997,5.36999999999997,15.445306122449,26,-3.50000000000001,63.925,39.9456
122,123,80,42,13,19.23,8.22999999999996,7.80673469387755,29,5.49999999999999,97.105,44.6549333333333
103,120,76,64,20,19.2,15.2,7.61632653061224,30,10.5,98.205,58.8022666666667
105,138,86,54,16,6.37999999999997,-12.62,8.00877551020408,38,16.5,104.325,74.4404333333333
101,128,74,67,20,6.27999999999997,13.28,11.3740816326531,31,15.4999999999999,71.305,34.3577666666667
113,144,92,79,25,12.44,6.43999999999997,9.63959183673469,36,18.4999999999999,72.3650000000001,38.8399333333333
107,146,94,86,27,12.46,28.46,12.7665306122449,34,0.499999999999989,98.005,65.2119333333333
120,137,82,90,26,20.37,20.37,11.945306122449,30,8.49999999999999,84.165,55.5124333333333
93,120,74,45,14,9.19999999999997,10.2,7.86632653061224,23,-6.50000000000001,80.865,41.3087666666667
98,129,74,48,13,19.29,6.28999999999997,10.6875510204082,33,11.5,79.225,50.4354333333333
105,128,82,77,22,30.28,19.28,7.87408163265306,34,6.49999999999999,100.125,62.9207666666667
111,122,76,77,25,32.22,30.22,13.7432653061225,33,11.5,85.225,46.1624333333333
126,125,74,67,21,38.25,18.25,8.18367346938776,28,2.49999999999999,92.045,49.3624333333333
114,125,68,55,18,12.25,13.25,12.4336734693878,36,16.4999999999999,106.325,62.3092666666667
101,126,76,53,16,13.26,23.26,10.9971428571429,27,5.49999999999999,89.105,48.4891
108,131,74,57,16,12.31,10.31,9.56448979591837,34,20.4999999999999,92.405,50.1727666666667
97,118,70,57,16,16.18,11.18,10.739387755102,29,15.5,87.305,53.3811
123,140,84,100,26,30.4,12.4,12.3857142857143,37,11.5,97.225,49.1484333333334
113,148,92,71,22,16.48,8.47999999999996,13.8934693877551,28,-1.50000000000001,91.965,58.3904333333334
109,132,90,115,34,16.32,12.32,11.3779591836735,39,11.5,103.225,47.2841
98,127,78,61,19,11.27,-4.73000000000003,10.810612244898,27,5.49999999999998,89.105,48.5234333333333
90,131,76,84,24,19.31,-3.69000000000004,8.31448979591837,33,3.49999999999999,93.065,65.1896
109,116,76,46,15,43.16,35.16,9.36244897959184,35,-0.500000000000011,102.985,59.8587666666667
107,142,86,71,26,20.42,2.41999999999997,14.0126530612245,32,0.499999999999989,102.005,54.5202666666667
87,112,66,50,15,9.11999999999998,2.11999999999998,9.85857142857143,30,8.49999999999996,86.165,43.7034333333333
113,118,76,60,19,2.17999999999997,-7.82000000000003,12.989387755102,34,6.49999999999999,108.125,57.8099333333333
109,128,70,74,17,29.28,11.28,6.12408163265306,24,14.5,66.285,31.3777666666667
115,146,100,68,22,14.46,18.46,12.2665306122449,29,3.49999999999999,67.065,31.9109333333333
102,127,76,76,25,31.27,19.27,11.310612244898,25,5.49999999999999,75.105,43.4954333333333
116,133,70,86,26,48.3299999999999,17.33,8.44142857142858,31,1.49999999999999,63.025,16.3281
92,121,76,64,18,17.21,9.20999999999997,7.42979591836735,40,2.49999999999999,92.045,53.9431
89,118,82,55,18,16.18,9.17999999999998,9.23938775510204,33,-4.50000000000001,94.905,59.2097666666667
114,119,66,42,8,10.19,13.19,12.0528571428571,28,0.499999999999989,104.005,41.9581
101,156,94,118,34,25.56,-0.440000000000026,16.4012244897959,27,-4.50000000000001,76.905,47.5221
113,112,62,44,10,0.119999999999976,1.11999999999998,11.8585714285714,27,-0.500000000000011,68.985,33.1899333333333
101,132,80,64,17,6.31999999999997,9.31999999999998,9.62795918367347,39,11.5,93.225,58.6067666666667
109,116,68,40,12,6.15999999999997,10.16,8.36244897959184,25,-2.50000000000001,76.9450000000001,46.6381
109,116,60,57,15,16.16,12.16,10.8624489795918,31,1.49999999999999,93.025,46.6914333333334
113,138,86,76,20,22.38,-9.62000000000003,11.2587755102041,28,10.5,90.205,56.2442666666667
95,130,82,68,22,10.3,-0.700000000000033,7.50102040816326,30,-3.50000000000001,71.925,39.2746
100,127,74,96,32,16.27,9.26999999999997,11.560612244898,36,10.5,120.205,80.1674333333333
116,131,74,54,16,11.31,13.31,13.5644897959184,35,9.49999999999999,91.185,56.2954333333333
106,135,82,69,22,2.34999999999997,-0.650000000000022,11.0683673469388,23,-0.500000000000011,82.985,51.0677666666667
100,121,84,46,16,21.21,18.21,12.6797959183674,28,2.49999999999999,96.045,41.9706
108,115,56,28,8,-7.85000000000002,8.14999999999998,8.54897959183674,29,-8.50000000000001,78.825,14.9909333333333
94,117,74,56,17,9.16999999999998,6.16999999999998,9.92591836734694,29,-2.50000000000001,100.945,46.7992666666667
108,139,80,57,17,23.39,14.39,13.3222448979592,34,4.49999999999999,92.085,51.1471
105,118,72,51,18,15.18,16.18,13.739387755102,27,1.49999999999999,85.025,34.8899333333333
125,150,86,80,20,30.5,27.5,12.2704081632653,35,-4.50000000000001,80.905,36.5541
100,119,72,70,19,29.19,36.19,11.5528571428571,35,-0.500000000000011,92.985,38.9162666666667
111,128,76,50,13,19.28,1.27999999999997,9.62408163265306,31,-4.50000000000001,92.905,36.4851
113,128,72,65,18,17.28,14.28,12.3740816326531,28,-7.50000000000001,83.8450000000001,49.5772666666667
97,118,76,62,20,34.18,21.18,11.739387755102,32,-5.50000000000001,85.8850000000001,53.1877666666667
102,135,80,75,22,5.34999999999997,4.34999999999998,10.5683673469388,21,3.49999999999999,77.0650000000001,40.6851
118,119,72,67,21,27.19,19.19,7.30285714285714,32,16.5,74.325,36.3639333333333
96,117,68,50,17,5.16999999999998,18.17,5.92591836734694,33,5.49999999999999,89.105,48.2602666666667
